Название товара:,Цена по акции:
"Напиток кофейный МАККОФЕ, растворимый, 3 в 1, 20г",12.99
"Напиток кофейный МАККОФЕ, растворимый, 3 в 1, 20г",12.99
"Вода питьевая СВЯТОЙ ИСТОЧНИК, негазированная, 330мл",14.99
"Кукурузные палочки СКРЕПЫШИ Вареная сгущенка, 50г",16.99
"Вода МАГНИТ питьевая газированная, 500мл",18.99
"Вода МАГНИТ питьевая газированная, 500мл",18.99
"Вода МАГНИТ питьевая негазированная, 500мл",18.99
"Вода МАГНИТ питьевая негазированная, 500мл",18.99
"Корм для кошек WHISKAS® желе говядина-кролик, 75г",20.99
"Вода МАГНИТ газированная, 500мл",20.99
"Корм для кошек WHISKAS® Аппетитный микс креветки в соусе, 75г",20.99
"Корм для котят WHISKAS® рагу с курицей, 75г",20.99
"Корм влажный для кошек WHISKAS Мясная коллекция, говядина, 75г",20.99
"Корм для кошек WHISKAS® рагу индейка-кролик, 75г",20.99
"Корм для кошек WHISKAS® желе курица, 75г",20.99
"Корм для кошек WHISKAS® рагу с курицей, 75г",20.99
"Корм для кошек WHISKAS® рагу треска-лосось, 75г",20.99
"Корм для кошек WHISKAS® желе курица-индейка, 75г",20.99
Корм для кошек,20.99
Корм влажный для кошек,20.99
"Корм для кошек WHISKAS® рагу говядина-ягненок, 75г",20.99
"Корм для кошек WHISKAS® рагу с телятиной, 75г",20.99
"Корм для кошек WHISKAS® паштет говядина-печень, 75г",20.99
"Корм для кошек WHISKAS® желе говядина-ягненок, 75г",20.99
"Корм для кошек WHISKAS® паштет курица-индейка, 75г",20.99
"Корм для кошек WHISKAS® паштет курица-индейка, 75г",20.99
"Корм влажный для кошек WHISKAS Мясная коллекция, говядина, 75г",20.99
"Корм для кошек WHISKAS® рагу треска-лосось, 75г",20.99
"Корм для котят WHISKAS® рагу с курицей, 75г",20.99
"Корм для кошек WHISKAS® рагу индейка-кролик, 75г",20.99
"Вода МАГНИТ негазированная, 500мл",20.99
"Корм для кошек WHISKAS® паштет говядина-печень, 75г",20.99
"Корм для кошек WHISKAS® желе говядина-кролик, 75г",20.99
"Корм для кошек WHISKAS® желе курица, 75г",20.99
Корм для кошек,20.99
Корм влажный для кошек,20.99
"Корм для кошек WHISKAS® желе говядина-ягненок, 75г",20.99
"Корм для кошек WHISKAS® рагу с курицей, 75г",20.99
"Корм для кошек WHISKAS® желе курица-индейка, 75г",20.99
"Корм для кошек WHISKAS® Аппетитный микс креветки в соусе, 75г",20.99
"Корм для кошек WHISKAS® рагу говядина-ягненок, 75г",20.99
"Корм для кошек WHISKAS® рагу с телятиной, 75г",20.99
"Конфеты LUCKY DAYS® карамель с арахисом, 100г",22.99
"Конфеты LUCKY DAYS® карамель с арахисом, 100г",22.99
"Творожный рожок, 7 ТАЙН ВКУСА, Сгущенное молоко, 60г",23.99
"Творожный рожок, 7 ТАЙН ВКУСА, Сгущенное молоко, 60г",23.99
"Творожный рожок, 7 ТАЙН ВКУСА, Ваниль, 60г",23.99
"Творожный рожок, 7 ТАЙН ВКУСА, Сгущенное молоко, 60г",23.99
"Творожный рожок, 7 ТАЙН ВКУСА, Ваниль, 60г",23.99
"Творожный рожок, 7 ТАЙН ВКУСА, Ваниль, 60г",23.99
"Вода питьевая СВЯТОЙ ИСТОЧНИК Спортик негазированная
                артезианская, 330мл",24.99
"Корм для стерилизованных кошек PURINA® ONE курица-зеленая
                фасоль, 75г",27.99
"Вода питьевая СЕНЕЖСКАЯ, Минеральная газированная, 500мл",27.99
"Корм для кошек PURINA® ONE говядина-морковь, 75г",27.99
"Корм для кошек PURINA® ONE говядина-морковь, 75г",27.99
"Вода питьевая СЕНЕЖСКАЯ, Минеральная негазированная, 500мл",27.99
"Корм для стерилизованных кошек PURINA® ONE курица-зеленая
                фасоль, 75г",27.99
"Вода питьевая СЕНЕЖСКАЯ, Минеральная газированная, 500мл",27.99
"Вода питьевая СЕНЕЖСКАЯ, Минеральная негазированная, 500мл",27.99
"Сок ДОБРЫЙ, Яблочгый осветленный, 200мл",29.99
"Сок ДОБРЫЙ, Яблоко-персик, 200мл",29.99
"Сок ДОБРЫЙ, Яблоко-персик, 200мл",29.99
"Конфеты ЛИМОННАЯ ВИЛЛА помадные (Азовская КФ), 100г",29.99
"Сок ДОБРЫЙ, Яблоко-вишня, 200мл",29.99
"Сок ДОБРЫЙ, Яблочгый осветленный, 200мл",29.99
"Конфеты ЛИМОННАЯ ВИЛЛА помадные (Азовская КФ), 100г",29.99
"Сыр глазированный СОВЕТСКИЕ ТРАДИЦИИ, ваниль, 26%, 45г",29.99
"Сырок глазированный СОВЕТСКИЕ ТРАДИЦИИ, вареная сгущенка, 26%,
                45г",29.99
"Корм для кошек ШЕБА Крафт Коллекшн Говядина в соусе, 75г",29.99
"Корм для кошек ШЕБА Крафт Коллекшн Курица в соусе, 75г",29.99
"Сок ДОБРЫЙ, Яблоко-вишня, 200мл",29.99
"Корм для кошек ШЕБА Крафт Коллекшн Говядина в соусе, 75г",29.99
"Корм для кошек ШЕБА Крафт Коллекшн Курица в соусе, 75г",29.99
"Сыр глазированный СОВЕТСКИЕ ТРАДИЦИИ, ваниль, 26%, 45г",31.99
"Сырок глазированный СОВЕТСКИЕ ТРАДИЦИИ, вареная сгущенка, 26%,
                45г",31.99
"Сыр глазированный СОВЕТСКИЕ ТРАДИЦИИ, ваниль, 26%, 45г",31.99
"Сырок глазированный СОВЕТСКИЕ ТРАДИЦИИ, вареная сгущенка, 26%,
                45г",31.99
"Арахис CHICO&RICO® жареный соленый, 80г",32.99
"Арахис CHICO&RICO® жареный соленый, 80г",32.99
"Арахис CHICO&RICO® жареный соленый, 80г",32.99
"Вода минеральная СЕНЕЖСКАЯ, Газированная, 1,5л",32.99
"Вода минеральная СЕНЕЖСКАЯ, Негазированная, 1,5л",32.99
"Конфеты АТТАШЕ суфле брауни-итальянский десерт, 100г",32.99
"Конфеты АТТАШЕ суфле брауни-итальянский десерт, 100г",32.99
"Чай ЗЕЛЕНЫЙ ДРАКОН зеленый Мелисса, 20пакетиков",34.99
"Ирис КИС-КИС (красный Октябрь), 100г",34.99
"Ирис КИС-КИС (красный Октябрь), 100г",34.99
"Вода питьевая БОН АКВА, Негазированная, 500мл",34.99
"Хлеб ГОРЧИЧНЫЙ пшеничный нарезка высший сорт (Русский хлеб),
                400г",35.99
"Хлеб ГОРЧИЧНЫЙ пшеничный нарезка высший сорт (Русский хлеб),
                400г",35.99
"Хлеб ГОРЧИЧНЫЙ пшеничный нарезка высший сорт (Русский хлеб),
                400г",35.99
"Хлеб ГОРЧИЧНЫЙ пшеничный нарезка высший сорт (Русский хлеб),
                400г",35.99
"Хлеб ГОРЧИЧНЫЙ пшеничный нарезка высший сорт (Русский хлеб),
                400г",35.99
"Попкорн LUCKY DAYS®, Карамель/сыр, для микроволновой печи, 85г",36.99
"Попкорн LUCKY DAYS®, Карамель/сыр, для микроволновой печи, 85г",36.99
"Попкорн LUCKY DAYS®, Карамель/сыр, для микроволновой печи, 85г",36.99
"Хлебцы ЩЕДРЫЕ Бородинские, 100г",37.99
"Мини-сушки СЕМЕЙКА ОЗБИ, простые, 150г",39.99
"Приправа КОТАНИ, для свинины, 30г",39.99
"Пюре ФРУТОНЯНЯ, Салатик из фруктов, 90г",39.99
"Вода минеральная СЕНЕЖСКАЯ, Негазированная, 1,5л",39.99
"Вода минеральная СЕНЕЖСКАЯ, Газированная, 1,5л",39.99
"Ряженка ЭКОВАКИНО 2%, 470мл",39.99
"Мороженое ЧЕЛНЫ ХОЛОД Пломбир с вареной сгущенкой брикет, 75г",39.99
"Конфеты ХОЛЛС Мини минтс вкус арбуза, 12,5г",39.99
"Напиток газированный ЧЕРНОГОЛОВКА Байкал, 500мл",39.99
"Напиток газированный ЧЕРНОГОЛОВКА Дюшес, 500мл",39.99
"Напиток газированный ЧЕРНОГОЛОВКА Байкал, 500мл",39.99
"Напиток газированный ЧЕРНОГОЛОВКА Дюшес, 500мл",39.99
"Пюре ФРУТОНЯНЯ, Салатик из фруктов, 90г",39.99
"Конфеты ХОЛЛС Мини минтс вкус арбуза, 12,5г",39.99
"Конфеты ХОЛЛС Мини Минтс мята, 12,5г",39.99
"Ряженка ЭКОВАКИНО 2%, 470мл",39.99
"Конфеты ХОЛЛС Мини Минтс мята, 12,5г",39.99
"Ряженка ЭКОВАКИНО 2%, 470мл",39.99
"Суфле СЛАДКИЙ СНЕГ ваниль, 85г",39.99
"СЛОЙКА с сыром (Коломенский БКК), 70г",39.99
"СЛОЙКА с сыром (Коломенский БКК), 70г",39.99
"СЛОЙКА с сыром (Коломенский БКК), 70г",39.99
"Суфле СЛАДКИЙ СНЕГ ваниль, 85г",39.99
"Десерт ФАРАДЕЛЛА (Акконд), 100г",39.99
"Приправа КОТАНИ, для свинины, 30г",39.99
"Десерт ФАРАДЕЛЛА (Акконд), 100г",39.99
"Мини-сушки СЕМЕЙКА ОЗБИ, простые, 150г",42.99
"Хлебцы ЩЕДРЫЕ Бородинские, 100г",42.99
"БЗМЖ АКТИВИА Биойогурт б/сах груша/черник2,9%130г пл/ст:12",44.99
"Биойогурт АКТИВИА клубника-яблоко-питахайя, 2,9%, 130г",44.99
"Сырок СВИТЛОГОРЬЕ золотая ириска в карамельной глазури, 23%, 50г",44.99
"Чай черный ПРИНЦЕССА НУРИ, отборный, 25 пакетиков",44.99
"Соль морская МАРЕМАН, Средняя, 1кг",44.99
"Сырок творожный СВИТЛОГОРЬЕ, глазированный, какао, 26%, 50г",44.99
"Конфеты ЭЛЬ шоколадно-ореховая начинка, 100г",44.99
"Салат листовой, 1 уп. (100 г)",44.99
"Батончик ПИКНИК, Шоколадный с грецкими орехами, 52г",44.99
"Батончик ПИКНИК, Шоколадный с грецкими орехами, 52г",44.99
"Биойогурт АКТИВИА виноград-манго-папайя-чиа, 2,9%, 130г",44.99
"Биойогурт АКТИВИА виноград-манго-папайя-чиа, 2,9%, 130г",44.99
"Сырок творожный СВИТЛОГОРЬЕ, глазированный, ваниль, 26%, 50г",44.99
"Биойогурт АКТИВИА клубника-яблоко-питахайя, 2,9%, 130г",44.99
"Сырок творожный СВИТЛОГОРЬЕ, глазированный, карамель, ваниль,
                26%, 50г",44.99
"Салат листовой, 1 уп. (100 г)",44.99
"Квас РУССКИЙ ДАР, 500мл",44.99
"Напиток энергетический DRANGO® газированный, 500мл",44.99
"Напиток энергетический DRANGO® газированный, 500мл",44.99
"Вода минеральная ПСЫЖ, Негазированная, 1л",44.99
"Конфеты ЭЛЬ шоколадно-ореховая начинка, 100г",44.99
Слойка с беконом и сыром 70г п/уп(Коломенский БКК),45.99
Слойка с беконом и сыром 70г п/уп(Коломенский БКК),45.99
Слойка с беконом и сыром 70г п/уп(Коломенский БКК),45.99
Слойка с беконом и сыром 70г п/уп(Коломенский БКК),45.99
"Сырок СВИТЛОГОРЬЕ золотая ириска в карамельной глазури, 23%, 50г",46.99
"Сырок СВИТЛОГОРЬЕ золотая ириска в карамельной глазури, 23%, 50г",46.99
"Сырок творожный СВИТЛОГОРЬЕ, глазированный, ваниль, 26%, 50г",46.99
"Сырок творожный СВИТЛОГОРЬЕ, глазированный, карамель, ваниль,
                26%, 50г",46.99
"Вода питьевая БОН АКВА, негазированная, 1л",46.99
"Сырок творожный СВИТЛОГОРЬЕ, глазированный, карамель, ваниль,
                26%, 50г",46.99
"Сырок творожный СВИТЛОГОРЬЕ, глазированный, ваниль, 26%, 50г",46.99
"Сырок творожный СВИТЛОГОРЬЕ, глазированный, какао, 26%, 50г",46.99
"Сырок творожный СВИТЛОГОРЬЕ, глазированный, какао, 26%, 50г",46.99
"Пиво ЖИГУЛИ ЭКСПОРТ, светлое, фильтрованное, пастеризованное,
                4,8%, 0,45л",47.99
"Крем ЧИСТАЯ ЛИНИЯ, Увлажняющий для комбинированной кожи, 40мл",48.99
"Крем для лица ЧИСТАЯ ЛИНИЯ, Увлажняющий, дневной для сухой кожи,
                40мл",48.99
"Крем для лица ЧИСТАЯ ЛИНИЯ, Увлажняющий, дневной для сухой кожи,
                40мл",48.99
"Крем ЧИСТАЯ ЛИНИЯ, Увлажняющий для комбинированной кожи, 40мл",48.99
"Виноград МОЯ ЦЕНА сушеный, 100г",48.99
"Десерт ДАНИССИМО, с творожным кремом, киви, 130г",49.99
"Соль морская МАРЕМАН, Средняя, 1кг",49.99
"Конфеты ПТИЦА ДИВНАЯ, 100г",49.99
"Вафли КОЛОМЕНСКОЕ глазированные с арахисом и фундуком, 160г",49.99
"Мороженое МАКСИБОН Страчателла брикет, 93г",49.99
"Мороженое МАКСИБОН Страчателла брикет, 93г",49.99
"Карамель ЧУПА ЧУПС на палочке мини, 100г",49.99
"Конфеты ПТИЦА ДИВНАЯ, 100г",49.99
"Десерт ДАНИССИМО, с творожным кремом и хрустящими шариками, 130г",49.99
"Десерт ДАНИССИМО, с творожным кремом, черника, 130г",49.99
"Десерт ДАНИССИМО, с творожным кремом и шоколадом, 130г",49.99
"Чай черный ПРИНЦЕССА НУРИ, отборный, 25 пакетиков",49.99
"Чипсы БИНГРЕ, вкус краба, 50г",49.99
"Чипсы БИНГРЕ, вкус краба, 50г",49.99
"Карамель ЧУПА ЧУПС на палочке мини, 100г",49.99
"Курага в шоколаде КРЕМЛИНА, 100г",51.99
"Мацони КУБАНСКИЙ МОЛОЧНИК, 3,20%, 320г",51.99
"Мацони КУБАНСКИЙ МОЛОЧНИК, 3,20%, 320г",51.99
"Мацони КУБАНСКИЙ МОЛОЧНИК, 3,20%, 320г",51.99
"Курага в шоколаде КРЕМЛИНА, 100г",51.99
"Шоколад РОССИЙСКИЙ, темный, 90г",52.99
"Укроп, 1 уп. (100 г)",52.99
"Укроп, 1 уп. (100 г)",52.99
"Шоколад РОССИЙСКИЙ, горький, 70% какао, 90г",52.99
"Пиво ЖИГУЛИ ЭКСПОРТ, светлое, фильтрованное, пастеризованное,
                4,8%, 0,45л",53.99
"Икра трески АВАЧА, Соленая пробойная, 130г",54.99
"Чипсы ТУРБО ДИЗЕЛЬ краб, 75г",54.99
"Чипсы ТУРБО ДИЗЕЛЬ сметана-лук, 75г",54.99
"Шоколад молочный АЛЬПЕН ГОЛЬД, Соленый миндаль и карамель, 90г",54.99
"Шоколад молочный АЛЬПЕН ГОЛЬД, с фундуком, 90г",54.99
"Батончик ПИКНИК арахис-изюм-вафля-воздушный рис, 76г",54.99
"Батончик шоколадный МИЛКА арахис и воздушный рис, 37г",54.99
"Батончик шоколадный МИЛКА с кусочками Орео, 37г",54.99
"Чипсы ТУРБО ДИЗЕЛЬ краб, 75г",54.99
"Икра трески АВАЧА, Соленая пробойная, 130г",54.99
"Шоколад молочный АЛЬПЕН ГОЛЬД, Черника с йогуртом, 90г",54.99
"Шоколад молочный АЛЬПЕН ГОЛЬД, Клубника с йогуртом, 90г",54.99
"Икра трески АВАЧА, Соленая пробойная, 130г",54.99
"Шоколад молочный АЛЬПЕН ГОЛЬД, Соленый арахис и крекер, 90г",54.99
"Чипсы ТУРБО ДИЗЕЛЬ сметана-лук, 75г",54.99
"Шоколад молочный АЛЬПЕН ГОЛЬД, Капучино, 90г",54.99
"Батончик шоколадный МИЛКА с кусочками Орео, 37г",54.99
"Батончик ПИКНИК арахис-изюм-вафля-воздушный рис, 76г",54.99
"Батончик шоколадный МИЛКА арахис и воздушный рис, 37г",54.99
"Шоколад РОССИЙСКИЙ, Темный с миндалем, 90г",56.99
"Семена подсолнечника МАГНИТ жареные, 150г",56.99
"Семена подсолнечника МАГНИТ жареные, 150г",56.99
"Шоколад РОССИЙСКИЙ, горький, 70% какао, 90г",56.99
"Шоколад РОССИЙСКИЙ, темный, с фундуком и печеньем, 90г",56.99
"Шоколад РОССИЙСКИЙ, темный, 90г",56.99
"Шоколад РОССИЙСКИЙ, Темный с миндалем, 90г",56.99
"Шоколад РОССИЙСКИЙ, темный, с фундуком и печеньем, 90г",56.99
"Шоколад белый АЛЬПЕН ГОЛЬД, миндаль, кокосовая стружка, 90г",57.99
"Пиво ОХОТА Крепкое светлое фильтрованное 8,1%, 0,43л",57.99
"Шоколад молочный АЛЬПЕН ГОЛЬД, Соленый арахис и крекер, 90г",57.99
"Пиво ОХОТА Крепкое светлое фильтрованное 8,1%, 0,43л",57.99
"Пиво КРУШОВИЦЕ светлое фильтрованное 4,2%, 0,43л",57.99
"Шоколад АЛЬПЕН ГОЛЬД, молочный, 90г",57.99
"Шоколад молочный АЛЬПЕН ГОЛЬД, Соленый миндаль и карамель, 90г",57.99
"Шоколад молочный АЛЬПЕН ГОЛЬД, с фундуком, 90г",57.99
"Шоколад молочный АЛЬПЕН ГОЛЬД, Клубника с йогуртом, 90г",57.99
"Шоколад молочный АЛЬПЕН ГОЛЬД, Черника с йогуртом, 90г",57.99
"Шоколад АЛЬПЕН ГОЛЬД, с фундуком и изюмом, 90г",57.99
"Шоколад молочный АЛЬПЕН ГОЛЬД, Капучино, 90г",57.99
"Десерт ДАНИССИМО, с творожным кремом и шоколадом, 130г",59.99
"Десерт ДАНИССИМО, с творожным кремом и шоколадом, 130г",59.99
"Колбаски АТЯШЕВО Кнуты сырокопченые, 100г",59.99
"Десерт ДАНИССИМО, с творожным кремом и хрустящими шариками, 130г",59.99
"Десерт ДАНИССИМО, с творожным кремом, киви, 130г",59.99
"Десерт ДАНИССИМО, с творожным кремом, черника, 130г",59.99
"Десерт ДАНИССИМО, с творожным кремом, черника, 130г",59.99
"Колбаски АТЯШЕВО Кнуты сырокопченые, 100г",59.99
"Колбаски АТЯШЕВО Кнуты сырокопченые, 100г",59.99
"Йогурт питьевой АКТИВИА яблоко-клубника-черника 2%, 260г",59.99
"Хлеб РЖАНОЙ КРАЙ, нарезка, 300г",59.99
"Хлеб РЖАНОЙ КРАЙ, нарезка, 300г",59.99
"Молоко СЛАВЯНСКИЕ КРУЖЕВА ультрапастеризованное 3,2%, 930мл",59.99
"Йогурт питьевой АКТИВИА яблоко-персик 2%, 260г",59.99
"Десерт ДАНИССИМО, с творожным кремом и хрустящими шариками, 130г",59.99
"Десерт ДАНИССИМО, с творожным кремом, киви, 130г",59.99
"Хлеб РЖАНОЙ КРАЙ, нарезка, 300г",59.99
"Крекер ТУК, с сыром, 100г",59.99
"Вода питьевая АКВА МИНЕРАЛЕ черешня газированная, 500мл",59.99
"Вода питьевая АКВА МИНЕРАЛЕ яблоко газированная, 500мл",59.99
"Вода питьевая АКВА МИНЕРАЛЕ лимон негазированная, 500мл",59.99
"Напиток чайный ПРИНЦЕССА ЯВА, Каркадэ, 80г",59.99
"Напиток чайный ПРИНЦЕССА ЯВА, Каркадэ, 80г",59.99
"Пиво БАЛТИКА Крафти светлое Пшеничное нефильтрованное 5%, 0,45л",59.99
"Пиво КРУШОВИЦЕ светлое фильтрованное 4,2%, 0,43л",59.99
"Пиво БАЛТИКА Крафти тёмное пастеризованное 4,5%, 0,45л",59.99
"Хлеб РЖАНОЙ КРАЙ, нарезка, 300г",59.99
"Крекер ТУК, копченые колбаски, 100г",59.99
"Крекер ТУК, со сметаной и луком, 100г",59.99
"Крекер ТУК, со сметаной и луком, 100г",59.99
"Крекер ТУК, со вкусом пиццы, 100г",59.99
"Крекер ТУК, со вкусом пиццы, 100г",59.99
"Крекер ТУК, копченые колбаски, 100г",59.99
"Хлеб РЖАНОЙ КРАЙ, нарезка, 300г",59.99
"Крекер ТУК, со вкусом краба, 100г",59.99
"Кисель КЛЮКВЕННЫЙ, Фруктовый десерт (РостАгроКомплекс), 500г",59.99
"Кисель ВИШНЕВЫЙ, Фруктовый десерт (РостАгроКомплекс), 500г",59.99
"Кисель ВИШНЕВЫЙ, Фруктовый десерт (РостАгроКомплекс), 500г",59.99
"Кисель КЛЮКВЕННЫЙ, Фруктовый десерт (РостАгроКомплекс), 500г",59.99
"Кисель КЛЮКВЕННЫЙ, Фруктовый десерт (РостАгроКомплекс), 500г",59.99
"Кисель ВИШНЕВЫЙ, Фруктовый десерт (РостАгроКомплекс), 500г",59.99
"Крекер ТУК, со вкусом краба, 100г",59.99
"Крекер ТУК, с сыром, 100г",59.99
"Чай черный ЛИПТОН, Йеллоу Лэйбл, 25 пакетиков",59.99
"Хлеб РЖАНОЙ КРАЙ, нарезка, 300г",59.99
"Йогурт питьевой АКТИВИА яблоко-персик 2%, 260г",62.99
"Йогурт питьевой АКТИВИА яблоко-клубника-черника 2%, 260г",62.99
"Палочки кукурузные ПРАЗДНИК СЛАСТЕНЫ, 250г",63.99
"Палочки кукурузные ПРАЗДНИК СЛАСТЕНЫ, 250г",63.99
"Палочки кукурузные ПРАЗДНИК СЛАСТЕНЫ, 250г",63.99
"Палочки кукурузные ПРАЗДНИК СЛАСТЕНЫ, 250г",63.99
"Вафли сливочные КОЛОМЕНСКОЕ, традиционные, 220г",64.99
"Икра ЦАРСКАЯ осетровая имитированная, 220г",64.99
"Икра ЦАРСКАЯ осетровая имитированная, 220г",64.99
"Творог КУБАНСКИЙ МОЛОЧНИК, 9%, 180г",64.99
"Творог КУБАНСКИЙ МОЛОЧНИК, 9%, 180г",64.99
"Творог КУБАНСКИЙ МОЛОЧНИК, 9%, 180г",64.99
"Чай зеленый ЗЕЛЕНЫЙ ДРАКОН, крупнолистовой с жасмином, 100г",64.99
"Мороженое НАСТОЯЩИЙ ПЛОМБИР рожок со вкусом фисташки, 110г",64.99
"Мороженое НАСТОЯЩИЙ ПЛОМБИР рожок со вкусом фисташки, 110г",64.99
"Сок ДЖЕЙ СЕВЕН Апельсиновый с мякотью, 300мл",64.99
"Сок ДЖЕЙ СЕВЕН Мультифрукт, 300мл",64.99
"Сок ДЖЕЙ СЕВЕН Мультифрукт, 300мл",64.99
"Сок ДЖЕЙ СЕВЕН Яблочный осветленный, 300мл",64.99
"Мороженое НАСТОЯЩИЙ ПЛОМБИР рожок со вкусом фисташки, 110г",64.99
"Сок ДЖЕЙ СЕВЕН Апельсиновый с мякотью, 300мл",64.99
"Сок ДЖЕЙ СЕВЕН Яблочный осветленный, 300мл",64.99
"Смесь для выпечки ПЕЧЕМ ДОМА хлеб бородинский, 500г",67.99
"Смесь для выпечки ПЕЧЕМ ДОМА хлеб бородинский, 500г",67.99
"Пельмени ЖАРПЕЛИ с мясом жареные во фритюре, 300г",67.99
"Пельмени ЖАРПЕЛИ с мясом жареные во фритюре, 300г",67.99
"Пельмени ЖАРПЕЛИ с мясом жареные во фритюре, 300г",67.99
"Колбаса БОГОРОДСКАЯ, (Черкизовский МПЗ), 100г",68.99
"Колбаса БОГОРОДСКАЯ, (Черкизовский МПЗ), 100г",68.99
"Колбаса БОГОРОДСКАЯ, (Черкизовский МПЗ), 100г",68.99
"Сметана МОЛОЧНОЕ ЦАРСТВО 10%, 315г",69.89
"Сметана МОЛОЧНОЕ ЦАРСТВО 10%, 315г",69.89
"Сметана МОЛОЧНОЕ ЦАРСТВО 10%, 315г",69.89
"Творог БАЛТКОМ классический 9%, 180г",69.99
"Молоко ПРОСТОКВАШИНО, пастеризованное, 2,5%, 930мл",69.99
"Молоко ПРОСТОКВАШИНО, пастеризованное, 2,5%, 930мл",69.99
"Молоко ПРОСТОКВАШИНО, пастеризованное, 2,5%, 930мл",69.99
"Вафли КОЛОМЕНСКОЕ апельсин-ваниль, 200г",69.99
"Нектар БАРИНОФФ Манго, 250мл",69.99
"Мороженое ЭКСТРИМ банан-малина рожок, 78г",69.99
"Сок БАРИНОФФ гранатовый, 250мл",69.99
"Нектар БАРИНОФФ Манго, 250мл",69.99
"Нектар БАРИНОФФ вишневый, 250мл",69.99
"Мороженое ЭКСТРИМ банан-малина рожок, 78г",69.99
"Нектар БАРИНОФФ шиповник, 330мл",69.99
"Сок БАРИНОФФ гранатовый, 250мл",69.99
"Напиток энергетический ХОТКАТ Мульт-фрут, 450мл",69.99
"Сыр творожный САВУШКИН воздушный сливочный 60%, 150г",69.99
"Напиток энергетический ХОТКЭТ манго-малина газированный, 450мл",69.99
"Вафли сливочные КОЛОМЕНСКОЕ, традиционные, 220г",69.99
"Напиток энергетический ХОТКАТ Барберри, 450мл",69.99
"Напиток энергетический ХОТКЭТ манго-малина газированный, 450мл",69.99
"Напиток энергетический ХОТКЭТ киви-фейхоа газированный, 450мл",69.99
"Творог КУБАНСКИЙ МОЛОЧНИК, со сметаной, 160г",69.99
"Икра ЦАРСКАЯ осетровая имитированная, 220г",69.99
"Вода минеральная БОРЖОМИ, Газированная, лечебная, 330мл",69.99
"Туалетная бумага СОФТ, 2-слойная, 4 рулона",69.99
"Напиток энергетический ХОТКЭТ киви-фейхоа газированный, 450мл",69.99
"Сок БАРИНОФФ яблочный, 250мл",69.99
"Туалетная бумага СОФТ, 2-слойная, 4 рулона",69.99
"Напиток энергетический ХОТКАТ Мульт-фрут, 450мл",69.99
"Напиток энергетический ХОТКАТ Барберри, 450мл",69.99
"Сельдь СЕВЕРНАЯ ГАВАНЬ филе кусочки в масле, 150г",69.99
"Сельдь СЕВЕРНАЯ ГАВАНЬ филе кусочки в масле, 150г",69.99
"Шарики кукурузные СЫР BALL® сыр, 140г",69.99
"Мороженое МАКСИБОН Страчателла брикет, 93г",69.99
"Сок БАРИНОФФ яблочный, 250мл",69.99
"Вафли КОЛОМЕНСКОЕ апельсин-ваниль, 200г",69.99
"Нектар БАРИНОФФ шиповник, 330мл",69.99
"Сельдь СЕВЕРНАЯ ГАВАНЬ филе кусочки в масле, 150г",69.99
"Нектар БАРИНОФФ вишневый, 250мл",69.99
"Батончик СМАРТБАР Протеин про кокос, 35г",69.99
"Мороженое МАГНАТ эскимо манго в белом шоколаде с миндалем, 70г",69.99
"Эскимо МАГНАТ, Шоколадный трюфель, 80г",69.99
"Эскимо МАГНАТ, Шоколадный трюфель, 80г",69.99
"Мороженое КОРОВКА ИЗ КОРЕНОВКИ, с клубничным джемом, 120г",69.99
"Мороженое МАГНАТ эскимо манго в белом шоколаде с миндалем, 70г",69.99
"Мороженое МАГНАТ эскимо манго в белом шоколаде с миндалем, 70г",69.99
"Эскимо МАГНАТ, Шоколадный трюфель, 80г",69.99
"Творог БАЛТКОМ классический 9%, 180г",69.99
"Творог БАЛТКОМ классический 9%, 180г",69.99
"Батончик СМАРТБАР Протеин про кокос, 35г",69.99
"Мороженое ЭКСТРИМ банан-малина рожок, 78г",69.99
"Хлеб РЖАНОЙ КРАЙ, зерновой, нарезка, 300г",70.96
"Хлеб РЖАНОЙ КРАЙ, зерновой, нарезка, 300г",70.96
"Хлеб РЖАНОЙ КРАЙ, зерновой, нарезка, 300г",70.96
"Хлеб РЖАНОЙ КРАЙ, зерновой, нарезка, 300г",70.96
"Хлеб РЖАНОЙ КРАЙ, зерновой, нарезка, 300г",70.96
"Хлеб РЖАНОЙ КРАЙ, зерновой, нарезка, 300г",70.96
"Творог КУБАНСКИЙ МОЛОЧНИК, со сметаной, 160г",71.99
"Творог КУБАНСКИЙ МОЛОЧНИК, со сметаной, 160г",71.99
"Конфеты шоколадные КИТ-КАТ, с хрустящими вафлями, 100г",71.99
"Конфеты шоколадные КИТ-КАТ, с хрустящими вафлями, 100г",71.99
"Сервелат ЗЕРНИСТЫЙ варено-копченый нарезка (Великолукский МК),
                150г",72.99
"Сельдерей стебель, 1 шт (300-600 г)",72.99
"Сервелат ЗЕРНИСТЫЙ варено-копченый нарезка (Великолукский МК),
                150г",72.99
"Сельдерей стебель, 1 шт (300-600 г)",72.99
"Чай ТЕСС Санрайз черный Цейлон, 25пакетиков",72.99
"Сервелат ЗЕРНИСТЫЙ варено-копченый нарезка (Великолукский МК),
                150г",72.99
"Соль СЕТРА Гималайская розовая мелкая, 500г",72.99
"Чай ТЕСС Санрайз черный Цейлон, 25пакетиков",72.99
"Молоко ЭКОНИВА ультрапастеризованное 2,5%, 1л",74.99
"Напиток кисломолочный ТАН 0,5% (РОСТАГРОЭКСПОРТ), 1л",74.99
"Мороженое КОРОВКА ИЗ КОРЕНОВКИ, с клубничным джемом, 120г",74.99
"Чай АЗЕРЧАЙ, Черный с ароматом бергамота, 100г",74.99
"Молоко ЭКОНИВА ультрапастеризованное 2,5%, 1л",74.99
"Мороженое КОРОВКА ИЗ КОРЕНОВКИ, с клубничным джемом, 120г",74.99
"Шоколад РОССИЯ Щедрая душа Клубника-печенье, 80г",74.99
"Молоко ЭКОНИВА ультрапастеризованное 2,5%, 1л",74.99
"Шоколад РОССИЯ Щедрая душа Мороженое-печенье, 80г",74.99
"Чай АЗЕРЧАЙ, Черный с ароматом бергамота, 100г",74.99
"Напиток кисломолочный ТАН 0,5% (РОСТАГРОЭКСПОРТ), 1л",74.99
"Напиток кисломолочный ТАН 0,5% (РОСТАГРОЭКСПОРТ), 1л",74.99
"Сельдь ФОРГРЕЙТ натуральная, 230г",74.99
"Сельдь ФОРГРЕЙТ натуральная, 230г",74.99
"Вафли КОЛОМЕНСКОЕ глазированные с арахисом и фундуком, 160г",74.99
"Шарики кукурузные СЫР BALL® сыр, 140г",74.99
"Сельдь ФОРГРЕЙТ натуральная, 230г",74.99
"Шоколад РОССИЯ Щедрая душа Клубника-печенье, 80г",74.99
"Шоколад РОССИЯ Щедрая душа Мороженое-печенье, 80г",74.99
"Квас ОЧАКОВСКИЙ, 2л",75.99
"Квас ОЧАКОВСКИЙ, 2л",75.99
"Минеральная вода БОРЖОМИ, 500мл",78.99
"Чай КЁРТИС зеленый Фреш Грин, 25пакетиков",79.99
"Чай черный КЕРТИС Элегант Эрл Грей бергамот-цитрус, 25 пакетиков",79.99
"Нектар ДОБРЫЙ, апельсин, 1л",79.99
"Борщ ГЛАВСУП с курицей, 250г",79.99
"Кальмар КРЕМ-ФИШ, с креветками, 150г",79.99
"Сок САДЫ ПРИДОНЬЯ, Яблоко-абрикос, 1л",79.99
"Крем для ног СТО РЕЦЕПТОВ КРАСОТЫ, Смягчающий, 80мл",79.99
"Нектар ДОБРЫЙ, мультифруктовый, 1л",79.99
"Борщ ГЛАВСУП с курицей, 250г",79.99
"Сок САДЫ ПРИДОНЬЯ, Мультиовощной, 1л",79.99
"Перец черный ИНДАНА, молотый, 50г",79.99
"Нектар ДОБРЫЙ, мультифруктовый, 1л",79.99
"Сок САДЫ ПРИДОНЬЯ, Яблоко-абрикос, 1л",79.99
"Чай ТЕСС, Форест Дрим, 20 пирамидок",79.99
"Томаты Черри на ветке, 1уп. (250г)",79.99
"Чай ТЕСС, Форест Дрим, 20 пирамидок",79.99
"Шоколад БАБАЕВСКИЙ, Элитный, 75% какао, 100г",79.99
"КИЛЬКА обжаренная, в томатном соусе (Глубокский МКК), 240г",79.99
"КИЛЬКА обжаренная, в томатном соусе (Глубокский МКК), 240г",79.99
"Чай зеленый ТЕСС, Джинджер Мохито, 20пирамидок",79.99
"Чай черный КЕРТИС Деликат Блэк, 25 пакетиков",79.99
"Чай черный КЕРТИС Элегант Эрл Грей бергамот-цитрус, 25 пакетиков",79.99
"Горошек зеленый ШЕСТЬ СОТОК, 400г",79.99
"Перец черный ИНДАНА, молотый, 50г",79.99
"Мармелад СЕМЕЙНЫЕ СЕКРЕТЫ с добавлением сока, 250г",79.99
"Кукуруза сладкая ШЕСТЬ СОТОК, 340г",79.99
"Нектар ДОБРЫЙ, апельсин, 1л",79.99
"Чай КЁРТИС зеленый Фреш Грин, 25пакетиков",79.99
"Чай зеленый ТЕСС, Джинджер Мохито, 20пирамидок",79.99
"Борщ ГЛАВСУП с курицей, 250г",79.99
"Чай черный КЕРТИС Деликат Блэк, 25 пакетиков",79.99
"Сметана ПРОСТОКВАШИНО 15%, 300г",79.99
"Сметана ПРОСТОКВАШИНО 15%, 300г",82.99
"Сметана ПРОСТОКВАШИНО 15%, 300г",82.99
"Молоко ВОЛОГОДСКОЕ ЛЕТО 3,4-4%, 0,93л",82.99
"Перец черный ИНДАНА горошком, 50г",82.99
"Перец черный ИНДАНА горошком, 50г",82.99
"Попкорн LUCKY DAYS® Карамель, 250г",83.99
"Закваска ЭГО, 950г",84.99
"Закваска ЭГО, 950г",84.99
"Соль СЕТРА Гималайская розовая мелкая, 500г",84.99
"Хлебцы ЩЕДРЫЕ, Ржано-пшеничные с кунжутом, 200г",84.99
"Напиток газированный КОКА-КОЛА, Зеро, 900мл",84.99
"Напиток газированный ФАНТА, апельсин, 900мл",84.99
"Напиток газированый КОКА-КОЛА, Ванилла, 900мл",84.99
"Шарики кукурузные CHICO&RICO® сметана-лук, 140г",84.99
"Рыбка янтарная ДОНСКОЙ РК, сушеная, с перцем, 70г",84.99
"Закваска ЭГО, 950г",84.99
"Напиток газированный КОКА-КОЛА Лайм, 900мл",84.99
"Хлебцы ЩЕДРЫЕ, Ржано-пшеничные с кунжутом, 200г",84.99
"Напиток газированый КОКА-КОЛА, Ванилла, 900мл",84.99
"Кефир ПРОСТОКВАШИНО, 3,20%, 930мл",84.99
"Сыр творожный САВУШКИН воздушный сливочный 60%, 150г",84.99
"Рыбка янтарная ДОНСКОЙ РК, сушеная, с перцем, 70г",84.99
"Напиток газированный КОКА-КОЛА, 900мл",84.99
"Напиток газированный СПРАЙТ, 900мл",84.99
"Огурцы Корнишоны, 1 уп. (300 г)",84.99
"Напиток газированный КОКА-КОЛА, 900мл",84.99
"Шарики кукурузные CHICO&RICO® сметана-лук, 140г",84.99
"Напиток газированный ФАНТА, апельсин, 900мл",84.99
"ЦИКОРИЙ ЭЛИТ растворимый, 100г",84.99
"Шампиньоны королевские, 1 уп. (300 г)",84.99
"FANTA Напиток апелс зеро 0,9л пл/бут:12",84.99
"FANTA Напиток апелс зеро 0,9л пл/бут:12",84.99
"ЦИКОРИЙ ЭЛИТ растворимый, 100г",84.99
"Напиток газированный КОКА-КОЛА, Зеро, 900мл",84.99
"Напиток газированный ФАНТА Цитрус, 900мл",84.99
"Рыбка янтарная ДОНСКОЙ РК, сушеная, с перцем, 70г",84.99
"Нектар МАГНИТ тыквенный с мякотью, 1л",84.99
"Напиток газированный СПРАЙТ, 900мл",84.99
"Кефир ПРОСТОКВАШИНО, 3,20%, 930мл",88.99
"Кефир ПРОСТОКВАШИНО, 3,20%, 930мл",88.99
"Яблоки фасованные цена, 1 кг",89.90
"Яблоки Гренни Смит, 1 кг",89.90
"Яблоки Гренни Смит, 1 кг",89.90
"Чай черный GREENFIELD Эрл Грей Фэнтази, 25пакетиков",89.99
"Чай черный GREENFIELD Эрл Грей Фэнтази, 25пакетиков",89.99
"Лечо ДЖАНАРАТ традиционное, 460г",89.99
"Мороженое РОССИЙСКОЕ, 14%, в молочном шоколаде (Чистая линия),
                80г",89.99
"Томаты ВАЛДАЙСКИЙ ПОГРЕБОК, в томатном соке, 660г",89.99
"Фасоль БОНДЮЭЛЬ, красная, 425мл",89.99
"Напиток энергетический ДРАЙВ МИ Макс, газированный, 1л",89.99
"Печень трески МОРСКОЙ КОТИК По-скандинавски, 240г",89.99
"Фасоль БОНДЮЭЛЬ, красная, 425мл",89.99
"Кальмар КРЕМ-ФИШ, с креветками, 150г",89.99
"Кальмар КРЕМ-ФИШ, с креветками, 150г",89.99
"Мороженое РОССИЙСКОЕ, 14%, в молочном шоколаде (Чистая линия),
                80г",89.99
"Печень трески МОРСКОЙ КОТИК По-скандинавски, 240г",89.99
"Фасоль белая БОНДЮЭЛЬ, в томатном соусе, 425мл",89.99
"Мороженое РОССИЙСКОЕ, 14%, в молочном шоколаде (Чистая линия),
                80г",89.99
"Томаты ВАЛДАЙСКИЙ ПОГРЕБОК, в томатном соке, 660г",89.99
"Молоко ВОЛШЕБНАЯ ДОЛИНА с витаминами 3,2%, 950мл",89.99
"Напиток кофейный ЖОКЕЙ Мягкий растворимый 3в1, 10х12г",89.99
"Напиток кофейный ЖОКЕЙ Мягкий растворимый 3в1, 10х12г",89.99
"Чай RICHARD черный Роял Годжи&Вайлд Строберри, 25пакетиков",89.99
"Фасоль белая БОНДЮЭЛЬ, в томатном соусе, 425мл",89.99
"Лечо ДЖАНАРАТ традиционное, 460г",89.99
"Крем для ног СТО РЕЦЕПТОВ КРАСОТЫ, Смягчающий, 80мл",89.99
"Паштет ДЕРЕВЕНСКИЙ (Егорьевская ГФ), 150г",89.99
"Паштет ДЕРЕВЕНСКИЙ (Егорьевская ГФ), 150г",89.99
"Чурчхела с грецким орехом, 1шт",89.99
"Вода питьевая ЛЕГЕНДА ГОР АРХЫЗ Природная негазированная, 5л",89.99
"Паштет ДЕРЕВЕНСКИЙ (Егорьевская ГФ), 150г",89.99
"Чурчхела с грецким орехом, 1шт",89.99
"Молоко ВОЛШЕБНАЯ ДОЛИНА с витаминами 3,2%, 950мл",89.99
"Молоко ВОЛШЕБНАЯ ДОЛИНА с витаминами 3,2%, 950мл",89.99
"Чай зеленый GREENFIELD Летающий дракон, 25пакетиков",89.99
"Чай зеленый GREENFIELD Летающий дракон, 25пакетиков",89.99
"Напиток чайный GREENFIELD Спринг Мате, 25пакетиков",89.99
"Напиток чайный GREENFIELD Спринг Мате, 25пакетиков",89.99
"Фасоль белая БОНДЮЭЛЬ, в томатном соусе, 425мл",89.99
"Рыбка янтарная ДОНСКОЙ РК, сушеная, с перцем, 70г",89.99
"Фасоль БОНДЮЭЛЬ, красная, 425мл",89.99
"Чай RICHARD черный байховый Персик&Мята, 25пакетиков",89.99
"Клюква СТОЕВЪ, протертая с сахаром, 280г",91.99
"ИНДЕЙКА копчено-вареная, нарезка (Дымов), 70г",91.99
"ИНДЕЙКА копчено-вареная, нарезка (Дымов), 70г",91.99
"ИНДЕЙКА копчено-вареная, нарезка (Дымов), 70г",91.99
"Клюква СТОЕВЪ, протертая с сахаром, 280г",91.99
"Чай RICHARD черный Роял Годжи&Вайлд Строберри, 25пакетиков",92.99
"Чай RICHARD черный байховый Персик&Мята, 25пакетиков",92.99
"Палочки сдобные LUCKY DAYS®, Черная смородина, 370г",94.99
"Лосьон-тоник ЧИСТАЯ ЛИНИЯ, Отвар целебных трав для
                комбинированной кожи, 101мл",94.99
"Палочки сдобные LUCKY DAYS®, Черная смородина, 370г",94.99
"Маска для лица ЧИСТАЯ ЛИНИЯ Натура сияние, 12г",94.99
"Маска для лица ЧИСТАЯ ЛИНИЯ Натура сияние, 12г",94.99
"Спаржа по-корейски, пл/банка, 200 г",94.99
"Лосьон-тоник ЧИСТАЯ ЛИНИЯ, Отвар целебных трав для
                комбинированной кожи, 101мл",94.99
"Сыр ПРЕЗИДЕНТ, сливочный, 8 долек, 140г",94.99
"Сыр плавленый ПРЕЗИДЕНТ, Ассорти, 140г",94.99
"Мука СТАРООСКОЛЬСКАЯ, хлебопекарная, ГОСТ, 2кг",94.99
"Кальмар SOLONINA® сушено-вяленый, полоски, 70г",98.99
"Яблоки Симиренко, 1кг",99.90
"Яблоки Симиренко, 1кг",99.90
"Морс ФРУКТОВЫЙ САД, Земляника-брусника, 950мл",99.99
"Сок ФРУКТОВЫЙ САД, томатный с мякотью, 950мл",99.99
"Мексиканская смесь ВИТАМИН, Свежемороженая, 400г",99.99
"Закуска ПОЛЕЗНЫЕ ПРОДУКТЫ Фава Классическая, 200г",99.99
"Нектар ФРУКТОВЫЙ САД яблоко-гранат-рябина-смородина-виноград,
                950мл",99.99
"Сыр плавленый ХОХЛАНД, ассорти, сливочный, ветчина, 150г",99.99
"Напиток ФРУКТОВЫЙ САД, Лесные ягоды, Яблоко-ягоды, 950мл",99.99
"Нектар ФРУКТОВЫЙ САД, Яблоко-виноград, 950мл",99.99
"Морс ФРУКТОВЫЙ САД, Клюквенный, 950мл",99.99
"Мексиканская смесь ВИТАМИН, Свежемороженая, 400г",99.99
"Скумбрия ДОБРОФЛОТ, натуральная, с маслом, 245г",99.99
"Фасоль БОНДЮЭЛЬ, белая, 425мл",99.99
"Сыр плавленый ХОХЛАНД, ассорти, сливочный, ветчина, 150г",99.99
"Скумбрия ДОБРОФЛОТ, натуральная, с маслом, 245г",99.99
"Морс ФРУКТОВЫЙ САД, Земляника-брусника, 950мл",99.99
"Сок ФРУКТОВЫЙ САД, томатный с мякотью, 950мл",99.99
"Морс ФРУКТОВЫЙ САД, Клюквенный, 950мл",99.99
"Мексиканская смесь ВИТАМИН, Свежемороженая, 400г",99.99
"Фасоль БОНДЮЭЛЬ, белая, 425мл",99.99
"Колбаса ИТАЛЬЯНСКАЯ, Классик, сырокопченая, нарезка (Ремит), 70г",99.99
"Фасоль БОНДЮЭЛЬ, белая, 425мл",99.99
"Напиток ФРУКТОВЫЙ САД, Лесные ягоды, Яблоко-ягоды, 950мл",99.99
"Кофе НЕСКАФЕ Классик растворимый, 60г",99.99
"Напиток энергетический БЕРН дарк, 449мл",99.99
"Кофе НЕСКАФЕ Классик растворимый, 60г",99.99
"Скраб ЧИСТАЯ ЛИНИЯ, очищающий, 50мл",99.99
"Напиток энергетический БЕРН дарк, 449мл",99.99
"Творог ПРОСТОКВАШИНО 5%, 200г",99.99
"Колбаса ПИВЧИКИ БАВАРСКИЕ, сырокопченая, мини (Микоян МК), 95г",99.99
"Колбаса ПИВЧИКИ БАВАРСКИЕ, сырокопченая, мини (Микоян МК), 95г",99.99
"Колбаса ИТАЛЬЯНСКАЯ, Классик, сырокопченая, нарезка (Ремит), 70г",99.99
"Колбаса ИТАЛЬЯНСКАЯ, Классик, сырокопченая, нарезка (Ремит), 70г",99.99
"Скраб ЧИСТАЯ ЛИНИЯ, очищающий, 50мл",99.99
"Шинка ПИКАНТНАЯ, (ООО ТД Иней), 150г",99.99
"Мармелад СЕМЕЙНЫЕ СЕКРЕТЫ с добавлением сока, 250г",99.99
"Нектар ФРУКТОВЫЙ САД, Яблоко-виноград, 950мл",99.99
"Колбаса ПИВЧИКИ БАВАРСКИЕ, сырокопченая, мини (Микоян МК), 95г",99.99
"Нектар ФРУКТОВЫЙ САД яблоко-гранат-рябина-смородина-виноград,
                950мл",99.99
"Скумбрия ДОБРОФЛОТ, натуральная, с маслом, 245г",99.99
"Мука СТАРООСКОЛЬСКАЯ, хлебопекарная, ГОСТ, 2кг",100.99
"Яблоки новый урожай, 1кг",104.90
"Холодец ДИВО Деревенский куриный вареный, 300г",104.99
"Холодец ДИВО Деревенский куриный вареный, 300г",104.99
"Спаржа по-корейски, пл/банка, 200 г",104.99
"Минтай SOLO NINA® соломка с перцем сушено-вяленый, 70г",104.99
"Салат чука САНТА БРЕМОР в ореховом соусе, 150г",104.99
"Майонез ЮГ Адыгейская классика, 50,5%, 240 мл",104.99
"Минтай SOLO NINA® соломка с перцем сушено-вяленый, 70г",104.99
"Варенье МАГНИТ абрикосовое, 300г",104.99
"Фасоль с овощами СЕМЕЙНЫЕ СЕКРЕТЫ, 530г",104.99
"Майонез ЮГ Адыгейская классика, 50,5%, 240 мл",104.99
"Майонез ЮГ Адыгейская классика, 50,5%, 240 мл",104.99
"Холодец ДИВО Деревенский куриный вареный, 300г",104.99
"Мука ПЫШЕЧКА, пшеничная, 2кг",105.99
"Творог ПРОСТОКВАШИНО 5%, 200г",107.99
"Мука УВЕЛКА \\высший сорт, 2кг",107.99
"Творог ПРОСТОКВАШИНО 5%, 200г",107.99
"Мука ПЫШЕЧКА, пшеничная, 2кг",107.99
"Мука УВЕЛКА \\высший сорт, 2кг",107.99
"Мука ПЫШЕЧКА, пшеничная, 2кг",107.99
"Бекон БЛИЖНИЕ ГОРКИ для жарки, 260г",109.90
"Чай GREENFIELD Милки Оолонг, 20 пирамидок",109.99
"Сардельки КАЖДОМУ ПО ВКУСУ (Мясницкий Ряд), 360г",109.99
"Маска ЧИСТАЯ ЛИНИЯ тканевая для лица Идеальная кожа
                ультра-увлажнение и восстановление",109.99
"Манго Экстра, 1 шт",109.99
"Манго Экстра, 1 шт",109.99
"Чай черный ТЕСС, Санрайз листовой, 100г",109.99
"Маска ЧИСТАЯ ЛИНИЯ тканевая для лица Идеальная кожа
                ультра-увлажнение и восстановление",109.99
"Колбаса ПЕППЕРОНИ Итальянская сырокопченая (Дымов), 90г",109.99
"Колбаса ПЕППЕРОНИ Итальянская сырокопченая (Дымов), 90г",109.99
"Сардельки КАЖДОМУ ПО ВКУСУ (Мясницкий Ряд), 360г",109.99
"Колбаса ПЕППЕРОНИ Итальянская сырокопченая (Дымов), 90г",109.99
"Оливки СПАЙНОЛЛИ, Зеленые с креветкой, 300г",109.99
"Сардельки КАЖДОМУ ПО ВКУСУ (Мясницкий Ряд), 360г",109.99
"РИЕТ ИЗ ЛОСОСЯ с мягким творогом (Меридиан), 100г",109.99
"Кукуруза БОНДЮЭЛЬ, Молодая, 340г",109.99
"Чай черный ТЕСС, Санрайз листовой, 100г",109.99
"Чак-чак ВОСТОЧНЫЙ ГОСТЬ, 300г",109.99
"Чак-чак ВОСТОЧНЫЙ ГОСТЬ, 300г",109.99
"Кукуруза БОНДЮЭЛЬ, Молодая, 340г",109.99
"Мармелад МАРМЕЛАНДИЯ, Фруктовый коктейль, 250г",109.99
"Авокадо Хасс, 1 уп. ( 2шт)",109.99
"Оливки чёрные SPAINOLLI®, с косточкой, 350г",109.99
"РИЕТ ИЗ ЛОСОСЯ с мягким творогом (Меридиан), 100г",109.99
"РИЕТ ИЗ ЛОСОСЯ с мягким творогом (Меридиан), 100г",109.99
"Авокадо Хасс, 1 уп. ( 2шт)",109.99
"Оливки чёрные SPAINOLLI®, с косточкой, 350г",109.99
"Чак-чак ВОСТОЧНЫЙ ГОСТЬ, 300г",109.99
"Чай GREENFIELD Милки Оолонг, 20 пирамидок",109.99
"Салат Айсберг Бережливая линия, 1 уп. (150г)",109.99
"Оливки чёрные SPAINOLLI®, с косточкой, 350г",109.99
"Мармелад МАРМЕЛАНДИЯ, Фруктовый коктейль, 250г",109.99
"Оливки СПАЙНОЛЛИ, Зеленые с креветкой, 300г",109.99
"Сыр ТОФУ классический (Едемский Сад), 250г",112.99
"Салат Тоскана, 1уп. (120г)",112.99
"Сыр ТОФУ классический (Едемский Сад), 250г",112.99
"Сыр ТОФУ классический (Едемский Сад), 250г",112.99
"Томаты сливовидные, 1кг",114.90
"Кальмар SOLONINA® сушено-вяленый, полоски, 70г",114.99
"Пенка для умывания ЧИСТАЯ ЛИНИЯ, на отваре целебный трав, 100мл",114.99
"Икра баклажановая ДЖАНАРАТ, 470г",114.99
"Кальмар SOLONINA® сушено-вяленый, полоски, 70г",114.99
"Кальмар SOLONINA® сушено-вяленый, полоски, 70г",114.99
"ДЖАНАРАТ Имам Баялды, 450г",114.99
"Пенка для умывания ЧИСТАЯ ЛИНИЯ, на отваре целебный трав, 100мл",114.99
"Икра баклажановая ДЖАНАРАТ, 470г",114.99
"ДЖАНАРАТ Имам Баялды, 450г",114.99
"Кальмар SOLONINA® сушено-вяленый, стружка, 70г",115.99
"Кальмар SOLONINA® сушено-вяленый, стружка, 70г",115.99
"Нектар РИЧ, Персиковый, 1л",116.99
"Колбаса БРАУНШВЕЙГСКАЯ, сырокопченая, нарезка (Егорьевская КГФ),
                100г",116.99
"Сок РИЧ, яблочный, 1л",116.99
"Сок РИЧ, Томатный, 1л",116.99
"Колбаса БРАУНШВЕЙГСКАЯ, сырокопченая, нарезка (Егорьевская КГФ),
                100г",116.99
"Колбаса БРАУНШВЕЙГСКАЯ, сырокопченая, нарезка (Егорьевская КГФ),
                100г",116.99
"Сок РИЧ, яблочный, 1л",116.99
"Нектар РИЧ, Персиковый, 1л",116.99
"Сок РИЧ, Томатный, 1л",116.99
"Молоко ЭКОВАКИНО пастеризованное 3,4%-6%, 1,43л",119.89
"Молоко ЭКОВАКИНО пастеризованное 3,4%-6%, 1,43л",119.89
"Молоко ЭКОВАКИНО пастеризованное 3,4%-6%, 1,43л",119.89
"Чай черный GREENFIELD Голден Цейлон, 100г",119.90
"Окорок МЯСНИЦКИЙ РЯД копчено-вареный охлажденный, 300г",119.90
"Шницель РОССИЙСКАЯ КОРОНА, с картофельным пюре, 300г",119.99
"Бельмеши ГОРЯЧАЯ ШТУЧКА, 300г",119.99
"Бельмеши ГОРЯЧАЯ ШТУЧКА, 300г",119.99
"Чевапчичи БЛИЖНИЕ ГОРКИ, свиные, полуфабрикат (КМПЗ), 300г",119.99
"Чевапчичи БЛИЖНИЕ ГОРКИ, свиные, полуфабрикат (КМПЗ), 300г",119.99
"Бельмеши ГОРЯЧАЯ ШТУЧКА, 300г",119.99
"Консервы РУСЬ, Говядина тушеная (Фортуна), 525г",119.99
"Чевапчичи БЛИЖНИЕ ГОРКИ, свиные, полуфабрикат (КМПЗ), 300г",119.99
"Фрикадельки БЛИЖНИЕ ГОРКИ (Курский), 360г",119.99
"Сельдь БАЛТИЙСКИЙ БЕРЕГ атлантическая филе кусочки марированные
                с луком и укропом, 250г",119.99
"Пельмени ОСТАНКИНО, Традиционные, 500г",119.99
"Икра мойвы САНТА БРЕМОР, с копченым лососем, 180г",119.99
"Семечки тыквенные ОТ МАРТИНА, 100г",119.99
"Сельдь БАЛТИЙСКИЙ БЕРЕГ атлантическая филе кусочки марированные
                с луком и укропом, 250г",119.99
"Шинка ПИКАНТНАЯ, (ООО ТД Иней), 150г",119.99
"Сельдь БАЛТИЙСКИЙ БЕРЕГ атлантическая филе кусочки марированные
                с луком и укропом, 250г",119.99
"Икра мойвы САНТА БРЕМОР, с копченым лососем, 180г",119.99
"Икра мойвы САНТА БРЕМОР, с копченым лососем, 180г",119.99
"Шницель РОССИЙСКАЯ КОРОНА, с картофельным пюре, 300г",119.99
"Шницель РОССИЙСКАЯ КОРОНА, с картофельным пюре, 300г",119.99
"Сок РИЧ, апельсиновый, 1л",119.99
"Шинка ПИКАНТНАЯ, (ООО ТД Иней), 150г",119.99
"Гель для умывания ЧИСТАЯ ЛИНИЯ, Глубокого действия, Идеальная
                кожа, 100мл",119.99
"Гель для умывания ЧИСТАЯ ЛИНИЯ, Глубокого действия, Идеальная
                кожа, 100мл",119.99
"ЧАЙ черный МАЙСКИЙ, Корона Российской Империи, листовой, 100г",119.99
"Нектар РИЧ, вишневый, 1л",119.99
"Нектар РИЧ, Манго-Апельсин, 1л",119.99
"Нектар РИЧ, Манго-Апельсин, 1л",119.99
"Нектар РИЧ, вишневый, 1л",119.99
"ЧАЙ черный МАЙСКИЙ, Корона Российской Империи, листовой, 100г",119.99
"Спаржа по-корейски, пл/банка, 200 г",119.99
"Сок РИЧ, апельсиновый, 1л",119.99
"Консервы РУСЬ, Говядина тушеная (Фортуна), 525г",119.99
"Сыр СВЕЗА рассольный Брынза 45% (Савушкин), 200г",124.99
"Овощи ПИКАНТА из печи, 520г",124.99
"Сыр VALIO Бутербродный нарезка 45%, 120г",124.99
"Сыр VALIO Бутербродный нарезка 45%, 120г",124.99
"Сыр СВЕЗА рассольный Брынза 45% (Савушкин), 200г",124.99
"Овощи ПИКАНТА из печи, 520г",124.99
"Сок J7 Фреш Тэйст апельсин с мякотью, 850мл",129.90
"Сок J7 Фреш Тэйст яблоко осветленный, 850мл",129.90
"Нектарины, 1кг",129.90
"Пельмени ОСТАНКИНО, Традиционные, 500г",129.99
"Сок J 7, Яблочный, 970мл",129.99
"Пельмени ОСТАНКИНО, Традиционные, 500г",129.99
"Бекон свиной ЛЮБИТЕЛЬСКИЙ, охлажденный (СК Короча), 260г",129.99
"СУХОГРУЗ Снэки рыбные Желтый Полосатик0,07кг п/уп:10",129.99
"Тунец СЕВЕРНАЯ ГАВАНЬ, филе в собственном соку, 185г",129.99
"Сок J 7, Яблочный, 970мл",129.99
"Сок ДЖЕЙ СЕВЕН, фрукты целиком, мультифрукт, с мякотью, 0,97л",129.99
"Бекон свиной ЛЮБИТЕЛЬСКИЙ, охлажденный (СК Короча), 260г",129.99
"Сок J7, Томатный, 970мл",129.99
"Бекон свиной ЛЮБИТЕЛЬСКИЙ, охлажденный (СК Короча), 260г",129.99
"Сок ДЖЕЙ СЕВЕН, Фрукты целиком, яблоко-персик, 970мл",129.99
"Сок ДЖЕЙ СЕВЕН, фрукты целиком, мультифрукт, с мякотью, 0,97л",129.99
"Сок ДЖЕЙ СЕВЕН, Фрукты целиком, яблоко-персик, 970мл",129.99
"Конфеты РОДНЫЕ ПРОСТОРЫ, с вафельной крошкой, 125г",129.99
"Тунец СЕВЕРНАЯ ГАВАНЬ, филе в собственном соку, 185г",129.99
"Тунец СЕВЕРНАЯ ГАВАНЬ, филе в собственном соку, 185г",129.99
"ГОРБУША натуральная (Большекаменский), 245г",129.99
"Чай черный GREENFIELD Голден Цейлон, 100г",129.99
"СУХОГРУЗ Снэки рыбные Желтый Полосатик0,07кг п/уп:10",129.99
"Семечки тыквенные ОТ МАРТИНА, 100г",129.99
"Конфеты РОДНЫЕ ПРОСТОРЫ, с вафельной крошкой, 125г",129.99
"ГОРБУША натуральная (Большекаменский), 245г",129.99
"Сок J7, Томатный, 970мл",129.99
"Желтый полосатик SOLONINA® сушено-вяленый, 70г",131.99
"Молоко ЭГО, пастеризованное, 3,2%, 1,7л",134.99
"Круассаны СЕВЕН ДЭЙЗ, какао 3+1, 260г",134.99
"Вода детская ФРУТОНЯНЯ, с рождения, 5л",134.99
"Молоко ЭГО, пастеризованное, 3,2%, 1,7л",134.99
"Круассаны СЕВЕН ДЭЙЗ, какао 3+1, 260г",134.99
"Молоко ЭГО, пастеризованное, 3,2%, 1,7л",134.99
"Сосиски РУБЛЕВСКИЙ Докторские (Москворецкий), 430г",139.90
"Нектарины, 1кг",139.90
"Масло сладкосливочное БРЕСТ-ЛИТОВСК 82,5%, 180 г",139.90
"Фарш МИРАТОРГ Домашний охлажденный свинина-говядина, 400г",139.99
"Фарш МИРАТОРГ Домашний охлажденный свинина-говядина, 400г",139.99
"Овощи ДЖАНАРАТ запеченные на мангале, 700г",139.99
"Фарш МИРАТОРГ Домашний охлажденный свинина-говядина, 400г",139.99
"Нектар РИЧ, Мультифруктовый, 1л",139.99
"Овощи ДЖАНАРАТ запеченные на мангале, 700г",139.99
"Молоко сгущенное КОРОВКА ИЗ КОРЕНОВКИ, 8,50%, 380г",139.99
"Нектар РИЧ, Мультифруктовый, 1л",139.99
"Средство чистящее ДОМЕСТОС универсальное Ультрабелый, 750мл",139.99
"Молоко сгущенное КОРОВКА ИЗ КОРЕНОВКИ, 8,50%, 380г",139.99
"Нектар J 7, апельсин-манго-маракуйя, 970мл",139.99
"Нектар J 7, апельсин-манго-маракуйя, 970мл",139.99
"Фарш МИРАТОРГ Домашний охлажденный свинина-говядина, 400г",139.99
"СОК J7, апельсиновый, 970мл",139.99
"Нектар ДЖЕЙ СЕВЕН, Ананасовый, 970мл",139.99
"Нектар J7, Вишневый, 970мл",139.99
"Чай черный ПРИНЦЕССА КАНДИ цейлонский, 250г",139.99
"Нектар J7, Вишневый, 970мл",139.99
"Фарш МИРАТОРГ Домашний охлажденный свинина-говядина, 400г",139.99
"Биойогурт питьевой АКТИВИА, Злаки, 870г",139.99
"Биойогурт питьевой АКТИВИА, Натуральный, 870мл",139.99
"Средство чистящее ДОМЕСТОС универсальное Свежесть Атлантики,
                750мл",139.99
"Средство чистящее ДОМЕСТОС универсальное Свежесть Атлантики,
                750мл",139.99
"Средство чистящее ДОМЕСТОС универсальное Ультрабелый, 750мл",139.99
ИНДИЛАЙТ Наггетсы индейка клас запеч260г (ПензаМолИнвест):14,139.99
ИНДИЛАЙТ Наггетсы индейка клас запеч260г (ПензаМолИнвест):14,139.99
ИНДИЛАЙТ Наггетсы индейка клас запеч260г (ПензаМолИнвест):14,139.99
"Фарш МИРАТОРГ Домашний охлажденный свинина-говядина, 400г",139.99
"Нектар ДЖЕЙ СЕВЕН, Ананасовый, 970мл",139.99
"Колбаса МОЛОЧНАЯ, ГОСТ, вареная (Великолукский), 500г",139.99
"Колбаса МОЛОЧНАЯ, ГОСТ, вареная (Великолукский), 500г",139.99
"СОК J7, апельсиновый, 970мл",139.99
"Колбаса МОЛОЧНАЯ, ГОСТ, вареная (Великолукский), 500г",139.99
"Молоко сгущенное РОГАЧЕВЪ, ГОСТ, 8,5%, 380г",142.99
"Сок Я, Яблочный осветленный, 970мл",143.99
"Сок Я, Яблочный осветленный, 970мл",143.99
"Сок Я, Томатный с мякотью, 970мл",143.99
"Сок Я, Томатный с мякотью, 970мл",143.99
"Сок J7 Фреш Тэйст мультифрукт с мякотью, 850мл",144.99
"Сок J7 Фреш Тэйст яблоко осветленный, 850мл",144.99
"J7 Fresh taste Сок Ягодный микс 0,85л пл/бут:4",144.99
"Мидии ВИЧИ, Маринованные, в масле, 200г",144.99
"Мидии ВИЧИ, Маринованные, в масле, 200г",144.99
"J7 Fresh taste Сок Ягодный микс 0,85л пл/бут:4",144.99
"Сок J7 Фреш Тэйст апельсин с мякотью, 850мл",144.99
"Сок J7 Фреш Тэйст яблоко-персик с мякотью, 850мл",144.99
"Сок J7 Фреш Тэйст мультифрукт с мякотью, 850мл",144.99
"Сок J7 Фреш Тэйст яблоко-персик с мякотью, 850мл",144.99
"Мидии ВИЧИ, Маринованные, в масле, 200г",144.99
"Сливки ПРОСТОКВАШИНО, стерилизованные, 20%, 350мл",144.99
"Плов ДОМАШНИЙ ОЧАГ с курой, 300г",145.99
"Бульмени ГОРЯЧАЯ ШТУЧКА, Говядина/свинина, 900г",149.90
"Баклажаны, 1кг",149.90
"Пицца ЦЕЗАРЬ, с ветчиной и грибами, 420г",149.99
"Колбаса ДОКТОРСКАЯ, ГОСТ, мини, 1 штука (Великолукский МК), 500г",149.99
"Чай AKBAR Цейлон черный крупнолистовой, 100г",149.99
"Чай AKBAR Цейлон черный крупнолистовой, 100г",149.99
"Маслины ИБЕРИКА, без косточки, 360г",149.99
"Биойогурт питьевой АКТИВИА, Злаки, 870г",149.99
"Пицца ЦЕЗАРЬ, с ветчиной и грибами, 420г",149.99
"ГОВЯДИНА ТУШЕНАЯ, высший сорт (Курганский МК), 338г",149.99
"Колбаса ДОКТОРСКАЯ, ГОСТ, мини, 1 штука (Великолукский МК), 500г",149.99
"Маслины ИБЕРИКА, крупные с косточкой, 360г",149.99
"Маслины ИБЕРИКА, без косточки, 360г",149.99
"Маслины ИБЕРИКА, крупные с косточкой, 360г",149.99
"Биойогурт АКТИВИА, питьевой, чернослив, 870г",149.99
"Пицца ЦЕЗАРЬ, с ветчиной и грибами, 420г",149.99
"Биойогурт питьевой АКТИВИА, Натуральный, 870мл",149.99
"Салат чука ОКЕАН ВКУСА в ореховом соусе, 200г",149.99
"САЛЯМИ ФИНСКАЯ (Дымов), 330г",149.99
Салат Оливье 250г пл/кон (Корона-ФУД):4,149.99
"Мармелад СЕМЕЙНЫЕ СЕКРЕТЫ малина/клюква/смородина, 260г",149.99
"Колбаса ИНДИЛАЙТ Индейка Докторская вареная, 400г",149.99
"Колбаса ДОКТОРСКАЯ, ГОСТ, мини, 1 штука (Великолукский МК), 500г",149.99
"ГОВЯДИНА ТУШЕНАЯ, высший сорт (Курганский МК), 338г",149.99
"Колбаса ИНДИЛАЙТ Индейка Докторская вареная, 400г",149.99
"Колбаса ИНДИЛАЙТ Индейка Докторская вареная, 400г",149.99
"Колбаса ДОКТОРСКАЯ, вареная, ГОСТ (Владимирский стандарт), 500г",149.99
Салат Оливье 250г пл/кон (Корона-ФУД):4,149.99
"Мармелад СЕМЕЙНЫЕ СЕКРЕТЫ малина/клюква/смородина, 260г",149.99
"САЛЯМИ ФИНСКАЯ (Дымов), 330г",149.99
"САЛЯМИ ФИНСКАЯ (Дымов), 330г",149.99
"Рулет куриный СЕМЕЙНЫЕ СЕКРЕТЫ варено-копченый, 450г",153.99
"Рулет куриный СЕМЕЙНЫЕ СЕКРЕТЫ варено-копченый, 450г",153.99
"Рулет куриный СЕМЕЙНЫЕ СЕКРЕТЫ варено-копченый, 450г",153.99
"Окорок МЯСНИЦКИЙ РЯД копчено-вареный охлажденный, 300г",154.99
"Окорок МЯСНИЦКИЙ РЯД копчено-вареный охлажденный, 300г",154.99
"Сервелат ЗЕРНИСТЫЙ, варено-копченый (Останкино), 420г",155.99
"Черешня, 1кг",159.90
"Сок Я, Виноград, 970мл",159.99
"Котлеты ПЕТЕЛИНКА По-киевски из цыпленка-бройлера охлажденные,
                500г",159.99
"СОК «Я» апельсиновый с мякотью, 970мл",159.99
"СОК «Я» апельсиновый с мякотью, 970мл",159.99
"Нектар «Я» манго с мякотью, 970мл",159.99
"Нектар «Я» вишневый, 970мл",159.99
"Нектар Я, из мандаринов и апельсинов, 970мл",159.99
"Сок Я, Грейпфрут розовый, 970мл",159.99
"Нектар «Я» манго с мякотью, 970мл",159.99
"Сок Я, Виноград, 970мл",159.99
"Нектар Я, из мандаринов и апельсинов, 970мл",159.99
"Напиток Я, Мексиканский микс, 970мл",159.99
"Сок Я, Грейпфрут розовый, 970мл",159.99
"Сок Я, Ананасовый с мякотью, 970мл",159.99
"Котлеты ПЕТЕЛИНКА По-киевски из цыпленка-бройлера охлажденные,
                500г",159.99
"Котлеты ПЕТЕЛИНКА По-киевски из цыпленка-бройлера охлажденные,
                500г",159.99
"Котлеты ПЕТЕЛИНКА По-киевски из цыпленка-бройлера охлажденные,
                500г",159.99
"Сыр ВАЙТ ЧИЗ ФРОМ ЖУКОВКА Камамбер 50%, 125г",159.99
"Сыр ВАЙТ ЧИЗ ФРОМ ЖУКОВКА Камамбер 50%, 125г",159.99
"Котлеты ПЕТЕЛИНКА По-киевски из цыпленка-бройлера охлажденные,
                500г",159.99
"Котлеты ПЕТЕЛИНКА По-киевски из цыпленка-бройлера охлажденные,
                500г",159.99
"Напиток Я, Мексиканский микс, 970мл",159.99
"Нектар «Я» вишневый, 970мл",159.99
"Сок Я, Ананасовый с мякотью, 970мл",159.99
"Сыр БРЕСТ-ЛИТОВСК Гауда 48%, 200г",159.99
"Печенье МИЛКА, с овсяными хлопьями в молочном шоколаде, 168г",159.99
"Шпроты КАПИТАН ВКУСОВ, в масле, 250г",159.99
"Шпроты КАПИТАН ВКУСОВ, в масле, 250г",159.99
"Сыр БРЕСТ-ЛИТОВСК Гауда 48%, 200г",159.99
"Колбаса ЮБИЛЕЙНАЯ сырокопченая (ОМПК), 250г",159.99
"Колбаса ЮБИЛЕЙНАЯ сырокопченая (ОМПК), 250г",159.99
"Сыр БРЕСТ-ЛИТОВСК, 45%, Классический, 200г",159.99
"Масло сладкосливочное БРЕСТ-ЛИТОВСК 82,5%, 180 г",159.99
"Масло сладкосливочное БРЕСТ-ЛИТОВСК 82,5%, 180 г",159.99
"Печенье МИЛКА, с овсяными хлопьями в молочном шоколаде, 168г",159.99
"Колбаса ЮБИЛЕЙНАЯ сырокопченая (ОМПК), 250г",159.99
"Сосиски РУБЛЕВСКИЙ Докторские (Москворецкий), 430г",163.99
"Сосиски РУБЛЕВСКИЙ Докторские (Москворецкий), 430г",163.99
"Сыр БЕЛЕБЕЕВСКИЙ 45%, 190г",169.90
"Чай ПРИНЦЕССА НУРИ черный байховый Магия Бергамота, 100пакетиков",169.99
"Сыр БРЕСТ-ЛИТОВСК, 45%, Классический, 200г",169.99
"Сыр ВКУСНОТЕЕВО Калачеевский 45%, 200г",169.99
"Кондиционер для белья VERNEL®, Детский, 910мл",169.99
"Сыр БРЕСТ-ЛИТОВСК, 45%, Классический, 200г",169.99
"Масло сливочное УАЙТЧИЗ ФРОМ ЖУКОВКА Традиционное 82,5%, 180г",169.99
"Чай ПРИНЦЕССА НУРИ черный байховый Золото Шри-Ланки,
                100пакетиков",169.99
"Сосиски БАВАРУШКА Баварушки вареные (Стародворье), 600г",169.99
"Сыр ЛАИМЕ Гауда Сыропузики 45%, 120г",169.99
"Кондиционер для белья VERNEL®, Свежесть летнего утра, 910мл",169.99
"Чай ПРИНЦЕССА НУРИ черный байховый Золото Шри-Ланки,
                100пакетиков",169.99
"Кондиционер для белья VERNEL®, Свежий бриз, 910мл",169.99
"Колбаса ЕКГФ с брусникой сыровяленая (Новая Столица), 100г",169.99
"Колбаса ЕКГФ с брусникой сыровяленая (Новая Столица), 100г",169.99
"Колбаса ЕКГФ с брусникой сыровяленая (Новая Столица), 100г",169.99
"Кондиционер для белья VERNEL®, Свежесть летнего утра, 910мл",169.99
"Чай ПРИНЦЕССА НУРИ черный байховый Магия Бергамота, 100пакетиков",169.99
"Кондиционер для белья VERNEL®, Гибискус и масло розы, 910мл",169.99
"Сосиски БАВАРУШКА Баварушки вареные (Стародворье), 600г",169.99
"Бульмени ГОРЯЧАЯ ШТУЧКА, Говядина/свинина, 900г",169.99
"Сосиски БАВАРУШКА Баварушки вареные (Стародворье), 600г",169.99
"Кофе НЕСКАФЕ, Классик, 95г",169.99
"Сельдь ЗОЛОТАЯ ФИШKA атлантическая ассорти По-шведски филе
                кусочки, 400г",169.99
"Печенье МИЛКА Сенсейшн c кусочками молочного шоколада, 156г",169.99
"Бульмени ГОРЯЧАЯ ШТУЧКА, Говядина/свинина, 900г",169.99
"Печенье МИЛКА Сенсейшн c кусочками молочного шоколада, 156г",169.99
"Котлеты НЕЖНЫЕ, из индейки, охлажденные (Индилайт), 450г",169.99
"Сыр ВКУСНОТЕЕВО Калачеевский 45%, 200г",169.99
"Котлеты НЕЖНЫЕ, из индейки, охлажденные (Индилайт), 450г",169.99
"Кофе НЕСКАФЕ, Классик, 95г",169.99
"Кондиционер для белья VERNEL®, Свежий бриз, 910мл",169.99
"Кондиционер для белья VERNEL®, Детский, 910мл",169.99
"Сельдь ЗОЛОТАЯ ФИШKA атлантическая ассорти По-шведски филе
                кусочки, 400г",169.99
"Сельдь ЗОЛОТАЯ ФИШKA атлантическая ассорти По-шведски филе
                кусочки, 400г",169.99
"Сыр ЛАИМЕ Гауда Сыропузики 45%, 120г",169.99
"Котлеты НЕЖНЫЕ, из индейки, охлажденные (Индилайт), 450г",169.99
"Кондиционер для белья VERNEL®, Гибискус и масло розы, 910мл",169.99
"Сливки ПРОСТОКВАШИНО, стерилизованные, 20%, 350мл",169.99
"Ассорти грибное ЧУДЕСНЫЙ ЛЕС, 580мл",169.99
"Сливки ПРОСТОКВАШИНО, стерилизованные, 20%, 350мл",169.99
"Смесь фруктово-ореховая ВОСТОЧНЫЙ ГОСТЬ жареная папайя, 150г",174.99
"Смесь фруктово-ореховая ВОСТОЧНЫЙ ГОСТЬ жареная папайя, 150г",174.99
"Кофе НЕСКАФЕ, Классик Крема, ра створимый, 95г",174.99
"Смесь фруктово-ореховая ВОСТОЧНЫЙ ГОСТЬ жареная папайя, 150г",174.99
"Кофе ЖОКЕЙ, Триумф, сублимированный, 95г",178.99
"Пирог БРАУНИ соленая карамель (Черёмушки), 380г",179.90
"Кофе БЕЛАДЖИО Делюкс сублимированный средней обжарки, 95г",179.90
"Нектар ФРУКТОВЫЙ САД, мультифруктовый c мякотью, 1,93л",179.99
"СКУМБРИЯ, 1кг",179.99
"Сыр БЕЛЕБЕЕВСКИЙ 45%, 190г",179.99
"СКУМБРИЯ, 1кг",179.99
"Кофе ЧЕРНАЯ КАРТА, Голд, сублимированный, 75г",179.99
"Сыр БЕЛЕБЕЕВСКИЙ 45%, 190г",179.99
"Кофе ЖОКЕЙ, Триумф, сублимированный, 95г",179.99
"Нектар ФРУКТОВЫЙ САД, персик-яблоко, с мякотью, 1,93л",179.99
"Нектар ФРУКТОВЫЙ САД, мультифруктовый c мякотью, 1,93л",179.99
"Нектар ФРУКТОВЫЙ САД, персик-яблоко, с мякотью, 1,93л",179.99
"Сок ФРУКТОВЫЙ САД Яблоко, 1,93л",179.99
"Скумбрия КОСИЧКА нарезка без головы, 300г",179.99
"КАЛЬМАР Тушка, неочищенный свежемороженый, 500г",179.99
"Брокколи HORTEX, Хортекс, 400г",179.99
"Брокколи HORTEX, Хортекс, 400г",179.99
"Брокколи HORTEX, Хортекс, 400г",179.99
"КАЛЬМАР Тушка, неочищенный свежемороженый, 500г",179.99
"Сок ФРУКТОВЫЙ САД, томатный с мякотью, 1,93л",179.99
"КАЛЬМАР Тушка, неочищенный свежемороженый, 500г",179.99
"Скумбрия КОСИЧКА нарезка без головы, 300г",179.99
"Кофе НЕСКАФЕ, Классик Крема, ра створимый, 95г",179.99
"Кофе ЧЕРНАЯ КАРТА, Голд, сублимированный, 75г",179.99
"Сок ФРУКТОВЫЙ САД Яблоко, 1,93л",179.99
"Сок ФРУКТОВЫЙ САД, томатный с мякотью, 1,93л",179.99
"Ветчина ДЛЯ ЗАВТРАКА (МДБ), 330г",182.99
"Ветчина ДЛЯ ЗАВТРАКА (МДБ), 330г",182.99
"Ветчина ДЛЯ ЗАВТРАКА (МДБ), 330г",182.99
"Сайра ДОБРОФЛОТ, натуральная, 245г",184.99
"Сайра ДОБРОФЛОТ, натуральная, 245г",184.99
"Молоко сгущенное АЛЕКСЕЕВСКОЕ, ГОСТ , 8,5%, 650г",187.99
"Торт вафельный ШОКОЛАДНИЦА, с арахисом, 430г",189.90
"Сосиски СЛИВОЧНЫЕ, (Клинский МК), 470г",189.99
"Чай ШАХ Голд черный индийский, 100пак",189.99
"Сайра ДОБРОФЛОТ, натуральная, с добавлением масла, 245г",189.99
"Чай ШАХ Голд черный индийский, 100пак",189.99
"Салями АСТОРИЯ сырокопченая (Черкизово), 225г",189.99
"Сосиски СЛИВОЧНЫЕ, (Клинский МК), 470г",189.99
"Сайра ДОБРОФЛОТ, натуральная, с добавлением масла, 245г",189.99
"Скумбрия КОСИЧКА нарезка без головы, 300г",189.99
"Наггетсы ХАЙ Хайггетс растительные, 200г",189.99
"Салями АСТОРИЯ сырокопченая (Черкизово), 225г",189.99
"Сосиски СЛИВОЧНЫЕ, (Клинский МК), 470г",189.99
"Наггетсы ХАЙ Хайггетс растительные, 200г",189.99
"Наггетсы ХАЙ Хайггетс растительные, 200г",189.99
"Пирог БРАУНИ соленая карамель (Черёмушки), 380г",189.99
"Салями АСТОРИЯ сырокопченая (Черкизово), 225г",189.99
"Бисквит CHOCO PIE с кокосом, 360г",189.99
"Сосиски СЛИВОЧНЫЕ, (Клинский МК), 470г",189.99
"Сосиски СЛИВОЧНЫЕ, (Клинский МК), 470г",189.99
"Бисквит CHOCO PIE с кокосом, 360г",189.99
"Сосиски СЛИВОЧНЫЕ, (Клинский МК), 470г",189.99
"Кофе BLACK SWAN® натуральный в зернах, 250г",195.99
"Кофе BLACK SWAN® натуральный в зернах, 250г",195.99
"Кофе МИЛАГРО Голд Роаст растворимый сублимированный средней
                обжарки, 95г",199.90
"Ветчина ПО-ЧЕРКИЗОВСКИ (ЧМПЗ), 500г",199.99
"Ветчина ПО-ЧЕРКИЗОВСКИ (ЧМПЗ), 500г",199.99
"Котлеты БЕЛОРУССКИЕ, индейка, 560г",199.99
"Котлеты БЕЛОРУССКИЕ, индейка, 560г",199.99
"Ветчина ПО-ЧЕРКИЗОВСКИ (ЧМПЗ), 500г",199.99
"Котлеты БЕЛОРУССКИЕ, индейка, 560г",199.99
"Фундук ВОСТОЧНЫЙ ГОСТЬ жареный, 150г",199.99
"Сельдь РПЗ ПОЛЮС потрошеная с головой в пряной заливке, 1кг",199.99
"Сельдь РПЗ ПОЛЮС потрошеная с головой в пряной заливке, 1кг",199.99
"Сельдь РПЗ ПОЛЮС потрошеная с головой в пряной заливке, 1кг",199.99
"Фундук ВОСТОЧНЫЙ ГОСТЬ жареный, 150г",199.99
"Колбаса МЯСНОЙ ДОМ БОРОДИНА Докторская вареная, 400г",199.99
"Колбаса ДОКТОРСКАЯ (Мясницкий ряд), 400г",199.99
"Варенье РАТИБОР клубника, 360г",199.99
"Колбаса ДОКТОРСКАЯ (Мясницкий ряд), 400г",199.99
"Колбаса МЯСНОЙ ДОМ БОРОДИНА Докторская вареная, 400г",199.99
"Колбаса ДОКТОРСКАЯ (Мясницкий ряд), 400г",199.99
"Колбаса МЯСНОЙ ДОМ БОРОДИНА Докторская вареная, 400г",199.99
"Сыр плавленый ПРЕЗИДЕНТ, сливочный, 45%, 400г",209.90
"Смесь СЕМУШКА жареных орехов и изюма, 150г",214.99
"Колбаса РУБЛЕВСКИЙ Русская вареная (Москворецкий), 400г",214.99
"Смесь СЕМУШКА жареных орехов и изюма, 150г",214.99
"Крем для лица ЧИСТАЯ ЛИНИЯ, Ночной, Таволга/калина, 45мл",214.99
"Крем для лица ЧИСТАЯ ЛИНИЯ, Дневной, Таволга/калина, 45мл",214.99
"Крем для лица ЧИСТАЯ ЛИНИЯ, Ночной, Таволга/калина, 45мл",214.99
"Крем для лица ЧИСТАЯ ЛИНИЯ, Дневной, Таволга/калина, 45мл",214.99
"Колбаса РУБЛЕВСКИЙ Русская вареная (Москворецкий), 400г",214.99
"Колбаса РУБЛЕВСКИЙ Русская вареная (Москворецкий), 400г",214.99
"Сыр плавленый ПРЕЗИДЕНТ, с ветчиной, 400г",219.90
"Шампунь ФРУКТИС СОС, Восстановление, 400мл",219.90
"Кофе НЕСКАФЕ Голд, сублимированный с молотым, 75г",219.90
"Скумбрия БАЛТИЙСКИЙ БЕРЕГ, Атлантическая, холодного копчения,
                280г",219.99
"Крабовые палочки ВИЧИ, охлажденные, 250г",219.99
"Скумбрия БАЛТИЙСКИЙ БЕРЕГ, Атлантическая, холодного копчения,
                280г",219.99
"Крабовые палочки ВИЧИ, охлажденные, 250г",219.99
"Сыр плавленый ПРЕЗИДЕНТ, с ветчиной, 400г",219.99
"Сыр плавленый ПРЕЗИДЕНТ, сливочный, 45%, 400г",219.99
"Конфеты АССОРТИ (Конти-Рус), 235г",229.99
"Чай черный GREENFIELD Голден Цейлон, листовой, 200г",229.99
"Кофе JACOBS Крема растворимый сублимированный, 70г",229.99
"Чай черный GREENFIELD Голден Цейлон, листовой, 200г",229.99
"Кофе JACOBS Крема растворимый сублимированный, 70г",229.99
"Сыр ВАЙТ ЧИЗ ФРОМ ЖУКОВКА Бри 60%, 125г",229.99
"Сыр ВАЙТ ЧИЗ ФРОМ ЖУКОВКА Бри 60%, 125г",229.99
"Сыр ВАЙТ ЧИЗ ФРОМ ЖУКОВКА Бри 60%, 125г",229.99
"Кофе БЕЛАДЖИО Делюкс сублимированный средней обжарки, 95г",239.99
"Сервелат ГУРМАН, Ближние горки, варено-копченый (Дмитрогорский),
                500г",239.99
"Сервелат ГУРМАН, Ближние горки, варено-копченый (Дмитрогорский),
                500г",239.99
"Сыр плавленый ВИОЛА с лисичками 50%, 400г",239.99
"Сервелат ГУРМАН, Ближние горки, варено-копченый (Дмитрогорский),
                500г",239.99
"Сыр плавленый ВИОЛА сливочный 50%, 400г",239.99
"Холодец ДЕРЕВЕНСКИЙ (Ремит), 400г",239.99
"Холодец ДЕРЕВЕНСКИЙ (Ремит), 400г",239.99
"Чай черный БЕТА ТИ, байховый, крупнолистовой, 250г",239.99
"Мед УССУРИЙСКИЙ БАЛЬЗАМ, 1 штука (ЧП Берестова), 360г",239.99
"Холодец ДЕРЕВЕНСКИЙ (Ремит), 400г",239.99
"Колбаса КРАКОВСКАЯ, полукопченая (Дмитрогорский), 400г",246.99
"Колбаса КРАКОВСКАЯ, полукопченая (Дмитрогорский), 400г",246.99
"Колбаса КРАКОВСКАЯ, полукопченая (Дмитрогорский), 400г",246.99
"Кофе молотый ЧЕРНАЯ КАРТА, для заваривания в чашке, 250г",249.99
"Кофе молотый ЧЕРНАЯ КАРТА, для заваривания в чашке, 250г",249.99
"Кофе AMBASSADOR Platinum, растворимый, 95г",249.99
"Торт вафельный ШОКОЛАДНИЦА, с арахисом, 430г",249.99
"Шампунь ТРЕСЕММЕ, Репеа энд Протект, восстанавливающий, 400мл",249.99
"Шампунь ТРЕСЕММЕ, Репеа энд Протект, восстанавливающий, 400мл",249.99
"Кофе МОККО растворимый сублимированный, 95г",249.99
"Кофе МИЛАГРО Голд Роаст растворимый сублимированный средней
                обжарки, 95г",249.99
"Кофе AMBASSADOR Platinum, растворимый, 95г",249.99
"Кофе НЕСКАФЕ Голд, сублимированный с молотым, 75г",249.99
"Чай черный БЕТА ТИ, байховый, крупнолистовой, 250г",249.99
"Кофе МОККО растворимый сублимированный, 95г",249.99
"Абрикосы ВОСТОЧНЫЙ ГОСТЬ сушеные, 150г",253.99
"Чай черный ЛИПТОН шиповник-земляника, 100 пакетиков",259.99
"Колбаса ДОКТОРСКАЯ, (Клинский МК), 500г",259.99
"ГОРБУША свежемороженая (ТД Холдинг), 1кг",259.99
"Чай черный ЛИПТОН шиповник-земляника, 100 пакетиков",259.99
"Чай ЛИПТОН чёрный Голден Кения, 100пакетиков",259.99
"Чай черный ЛИПТОН, Эрл Грей, 100 пакетиков",259.99
"Чай черный ЛИПТОН, Эрл Грей, 100 пакетиков",259.99
"Чай ЛИПТОН чёрный Голден Кения, 100пакетиков",259.99
"Колбаса ДОКТОРСКАЯ, (Клинский МК), 500г",259.99
"Колбаса ДОКТОРСКАЯ, (Клинский МК), 500г",259.99
"Колбаса ДОКТОРСКАЯ, (Клинский МК), 500г",259.99
"Сыр плавленый ВИОЛА сливочный 50%, 400г",259.99
"Колбаса ДОКТОРСКАЯ, (Клинский МК), 500г",259.99
"Колбаса ДОКТОРСКАЯ, (Клинский МК), 500г",259.99
"Стейк МИРАТОРГ Блэк Ангус Тендер мраморная говядина, 260г",269.99
"Крылья цыпленка-бройлера СВОЯ По-мексикански охлажденные, 1кг",269.99
"Кофе ЧЕРНАЯ КАРТА, Голд, сублимированный, 150г",269.99
"Вареники МИРАТОРГ с вишней, 600г",269.99
"Крылья цыпленка-бройлера СВОЯ По-мексикански охлажденные, 1кг",269.99
"Стейк МИРАТОРГ Блэк Ангус Тендер мраморная говядина, 260г",269.99
"Крылья цыпленка-бройлера СВОЯ По-мексикански охлажденные, 1кг",269.99
"Голень ПЕТЕЛИНКА, охлажденная (Петелино ТД), 1кг",269.99
"Стейк МИРАТОРГ Блэк Ангус Тендер мраморная говядина, 260г",269.99
"Голень ПЕТЕЛИНКА, охлажденная (Петелино ТД), 1кг",269.99
"Кофе ЧЕРНАЯ КАРТА, Голд, сублимированный, 150г",269.99
"Голень ПЕТЕЛИНКА, охлажденная (Петелино ТД), 1кг",269.99
"Кешью СЕМУШКА жареный, 110г",279.99
"Кофе НЕСКАФЕ Классик растворимый, 190г",279.99
"Кешью СЕМУШКА жареный, 110г",279.99
"Кофе НЕСКАФЕ Классик растворимый, 190г",279.99
"Чай черный GREENFIELD Голден Цейлон, 100 пакетиков",279.99
"Чай черный GREENFIELD Голден Цейлон, 100 пакетиков",279.99
"Коктейль из морепродуктов МАРЕ Оливковый в масле, 380г",279.99
"Коктейль из морепродуктов МАРЕ Оливковый в масле, 380г",279.99
"Филе голени индейки ПАВА ПАВА охлажденное, 600г",279.99
"Филе голени индейки ПАВА ПАВА охлажденное, 600г",279.99
"Филе голени индейки ПАВА ПАВА охлажденное, 600г",279.99
"Коктейль из морепродуктов МАРЕ Оливковый в масле, 380г",279.99
"Кофе НЕСКАФЕ Голд, Бариста, молотый в растворимом, 85г",289.99
"Пельмени ГРАНДМЕНИ говядина-свинина, 750г",289.99
"Пельмени ГРАНДМЕНИ говядина-свинина, 750г",289.99
"Пельмени ГРАНДМЕНИ говядина-свинина, 750г",289.99
"Кофе НЕСКАФЕ Голд, Бариста, молотый в растворимом, 85г",289.99
"Кофе НЕСКАФЕ Голд, сублимированный с молотым, 95г",298.99
"Пельмени МИРАТОРГ Нежные из мяса птицы, 800г",299.99
"Кофе НЕСКАФЕ Голд, сублимированный с молотым, 95г",299.99
"Пельмени СИБИРСКАЯ КОЛЛЕКЦИЯ Классические говядина-свинина, 700г",309.99
"Водка ЗИМНЯЯ ДЕРЕВЕНЬКА солодовая 40%, 0,5л",309.99
"Пельмени СИБИРСКАЯ КОЛЛЕКЦИЯ Новосибирские говядина-свинина,
                700г",309.99
"Пельмени СИБИРСКАЯ КОЛЛЕКЦИЯ Классические говядина-свинина, 700г",309.99
"Пельмени СИБИРСКАЯ КОЛЛЕКЦИЯ Новосибирские говядина-свинина,
                700г",309.99
"Пельмени СИБИРСКАЯ КОЛЛЕКЦИЯ Новосибирские говядина-свинина,
                700г",309.99
"Пельмени СИБИРСКАЯ КОЛЛЕКЦИЯ Классические говядина-свинина, 700г",309.99
"Колбаса ЯЗЫКОВАЯ (Велком), 500г",314.99
"Колбаса ЯЗЫКОВАЯ (Велком), 500г",314.99
"Колбаса ЯЗЫКОВАЯ (Велком), 500г",314.99
"Бедро ПЕТЕЛИНКА, Цыпленка-бройлера, охлажденное, 1кг",314.99
"Бедро ПЕТЕЛИНКА, Цыпленка-бройлера, охлажденное, 1кг",314.99
"Бедро ПЕТЕЛИНКА, Цыпленка-бройлера, охлажденное, 1кг",314.99
"Коньяк СТАРЕЙШИНА, Трэвел, 3-летний 40%, 0,25л",319.99
"Водка ЗИМНЯЯ ДЕРЕВЕНЬКА солодовая 40%, 0,5л",319.99
"Миндаль PREMIERE OF TASTE® жареный, 150г",319.99
"Коньяк СТАРЕЙШИНА, Трэвел, 3-летний 40%, 0,25л",319.99
"Кофе JACOBS Карамель растворимый, 95г",319.99
"Миндаль PREMIERE OF TASTE® жареный, 150г",319.99
"Кофе JACOBS Лесной орех растворимый, 95г",319.99
"Кофе JACOBS Карамель растворимый, 95г",319.99
"Кофе JACOBS Лесной орех растворимый, 95г",319.99
"Миндаль PREMIERE OF TASTE® жареный, 150г",319.99
"Колбаса ФУЭТ ЭКСТРА, сырокопченая (ПИТ-ПРОДУКТ), 150г",329.99
"Кофе ЯКОБС МОНАРХ, сублимированный, 150г",329.99
"Колбаса ФУЭТ ЭКСТРА, сырокопченая (ПИТ-ПРОДУКТ), 150г",329.99
"Колбаса ФУЭТ ЭКСТРА, сырокопченая (ПИТ-ПРОДУКТ), 150г",329.99
"ФИЛЕ КУРИНОЕ, охлажденное (Калужская ПФ), 900г",329.99
"Кофе ЯКОБС МОНАРХ, сублимированный, 150г",329.99
"Пеленки КАСПЕР, одноразовые впитывающие, 60х60см, 20шт.",332.99
"Пеленки КАСПЕР, одноразовые впитывающие, 60х60см, 20шт.",332.99
"Торт ПЛОМБИР-КЛАССИК (Фили-Бейкер), 720г",335.39
"Торт ПЛОМБИР-КЛАССИК (Фили-Бейкер), 720г",335.39
"Торт ПЛОМБИР-КЛАССИК (Фили-Бейкер), 720г",335.39
"Торт ПЛОМБИР-КЛАССИК (Фили-Бейкер), 720г",335.39
"Торт ПЛОМБИР-КЛАССИК (Фили-Бейкер), 720г",335.39
"Торт ПЛОМБИР-КЛАССИК (Фили-Бейкер), 720г",335.39
"ТРЕСКА филе свежемороженая, 600г",339.99
"Паста зубная РОКС, Про, Активный кальций, 94г",339.99
"ТРЕСКА филе свежемороженая, 600г",339.99
"Чай АЗЕРЧАЙ Ленкорань черный крупнолистовой, 400г",349.99
"Чай АЗЕРЧАЙ Ленкорань черный крупнолистовой, 400г",349.99
"Пельмени МИРАТОРГ Дорпер из ягнятины, 700г",349.99
"Утенок табака НОВЫЕ УТИНЫЕ ФЕРМЫ охлажденный, 1кг",349.99
"Утенок табака НОВЫЕ УТИНЫЕ ФЕРМЫ охлажденный, 1кг",349.99
"Кофе НЕСКАФЕ Голд растворимый сублимированный, 130г",349.99
"Кофе JARDIN Эфиопия Эйфория, молотый, 250г",349.99
"Кофе JARDIN Эфиопия Эйфория, молотый, 250г",349.99
"Утенок табака НОВЫЕ УТИНЫЕ ФЕРМЫ охлажденный, 1кг",349.99
"Буженина МИРАТОРГ, Домашняя, маринованная, охлажденная, 1кг",359.99
"Буженина МИРАТОРГ, Домашняя, маринованная, охлажденная, 1кг",359.99
"Буженина МИРАТОРГ, Домашняя, маринованная, охлажденная, 1кг",359.99
"Торт МОЛОЧНЫЙ ИРИС Мишель, 570г",364.99
"Торт МОЛОЧНЫЙ ИРИС Мишель, 570г",364.99
"Торт МОЛОЧНЫЙ ИРИС Мишель, 570г",364.99
"Кофе НЕСКАФЕ Голд растворимый сублимированный, 130г",369.99
"Кофе EGOISTE Нуар, в зернах, 250г",419.99
"Кофе EGOISTE Нуар, в зернах, 250г",419.99
"Кофе EGOISTE Нуар, молотый, 250г",419.99
"Кофе EGOISTE Нуар, молотый, 250г",419.99
"СЛОЙКА с сыром (Коломенский БКК), 70г",42.010
"СЛОЙКА с сыром (Коломенский БКК), 70г",42.010
"СЛОЙКА с сыром (Коломенский БКК), 70г",42.010
MILAGRO Gold Roast Кофе растворимый 190г ст/б (Интеркафе):8,429.99
"Кофе НЕСКАФЕ Голд растворимый сублимированный, 190г",448.99
"Кофе Д'АРТЭ, ориджинал расстворимый, 100г",449.99
"Кофе НЕСКАФЕ Голд растворимый сублимированный, 190г",449.99
"Кофе Д'АРТЭ, ориджинал расстворимый, 100г",449.99
"Кофе сублимированный КАРТ НУАР Вояж о Брезил, 90 г",459.99
"Кофе сублимированный КАРТ НУАР Вояж о Брезил, 90 г",459.99
"Кофе КАРТ НУАР, растворимый, 95г",459.99
"Кофе JACOBS Милликано натуральный растворимый, 160г",459.99
"Кофе КАРТ НУАР, растворимый, 95г",459.99
"Кофе JACOBS Милликано натуральный растворимый, 160г",459.99
MILAGRO Gold Roast Кофе растворимый 190г ст/б (Интеркафе):8,499.99
"КРЕВЕТКИ варено-мороженые с головой в панцире, 1кг",549.99
"КРЕВЕТКИ варено-мороженые с головой в панцире, 1кг",549.99
"Корм сухой PURINA ONE®, для стерилизованных кошек,
                лосось-пшеница, 1,5кг",559.99
"Корм сухой PURINA ONE®, для домашних кошек, индейка, 1,5кг",559.99
"Корм сухой PURINA ONE®, для домашних кошек, индейка, 1,5кг",559.99
"Корм сухой PURINA ONE®, для стерилизованных кошек,
                лосось-пшеница, 1,5кг",559.99
"Сыр СМЕТАНКОВЫЙ, 45-50% (Беларусь)",609.90
"Сыр СМЕТАНКОВЫЙ, 45-50% (Беларусь)",609.90
Карпаччо ГРОСС ШЕФФ из мяса птицы сырокопченое мини (МК Эко),626.90
Карпаччо ГРОСС ШЕФФ из мяса птицы сырокопченое мини (МК Эко),626.90
Карпаччо ГРОСС ШЕФФ из мяса птицы сырокопченое мини (МК Эко),626.90
"Кофе EGOISTE Платинум, сублимированный, 100г",629.99
"Кофе EGOISTE Платинум, сублимированный, 100г",629.99
"Кофе BLACK SWAN®, Натуральный зерновой, 1кг",749.99
"Салями ИТАЛЬЯНСКАЯ, Сыро-копченая, мини (Дмитрогорский МК)",869.90
"Салями ИТАЛЬЯНСКАЯ, Сыро-копченая, мини (Дмитрогорский МК)",869.90
"Салями ИТАЛЬЯНСКАЯ, Сыро-копченая, мини (Дмитрогорский МК)",869.90
"Кофе JACOBS Монарх, обжаренный, в зернах, 800г",899.99
"Кофе JACOBS Монарх, обжаренный, в зернах, 800г",929.99
"Кофе JARDIN Колумбия Супремо Арабика, зерновой, 1кг",1199.99
"Кофе JARDIN Колумбия Супремо Арабика, зерновой, 1кг",1199.99
